delete_reason,Human Annotation 
sorry ini harusnya jd New Comer dulu,Admin
"sudah pindah rumah & gereja ke Bandung, jadi tidak pernah datang lagi",lokasi
Pindah gereja,tertanam_di_gereja_lain
Tertanam di gereja lain,tertanam_di_gereja_lain
meninggal dunia,others
Terdaftar pada 2 akun yang berbeda. Member ingin akun ini diremove dari data DATE,Admin
pindah ke makasar,lokasi
DATE Member mengundurkan diri,others
pindah ke gereja khatolik setelah menikah,tertanam_di_gereja_lain
"setelah menikah, Linda bergereja di tempat suami",tertanam_di_gereja_lain
"date akan dibubarkan, sudah diberi waktu untuk mencari date baru",alasan_date
pasangan Wailan dan Villi terakhir hadir di bulan Januari/Februari dan hingga bbrp hari yl sdh menyatakan permisi untuk pindah DATE.,alasan_date
"Sulit hadir sesuai waktu DATE krn letak kantor yang jauh dan sudah suggest ybs untuk miove ke date yang deket kantor,sudah lebih dr 3 bulan juga tidak datang date",lokasi
pindah gereja,tertanam_di_gereja_lain
pindah gereja,tertanam_di_gereja_lain
Sudah menikah dan ikut suami tertanam di gereja lain,tertanam_di_gereja_lain
date member pindah ke luar negeri,lokasi
"sudah 10 bulan Juni cuti dari date, dg alasan ingin menyendiri setelah putus dg kekasih. sudah didekati dan 1on 1 dan diberi waktu cuti tak terbatas, tp akhirnya Juni minta keluar date",tidak_ada_respon
Calon DM tidak memberikan alasan kenapa tidak bisa bergabung,tidak_ada_respon
sudah pindah tempat tinggal,lokasi
Date Member Pindah ke Luar Negri,lokasi
"tempat tinggal jauh, jadi sulit untuk datang.",lokasi
tertanam di gereja lain,tertanam_di_gereja_lain
fokus ibadah di gereja calon suami,tertanam_di_gereja_lain
Join manual ke sgm 20235,others
Ditugaskan penempatan dokter di luar kota,perbedaan_musim_kehidupan 
fase hidup lagi berbeda,perbedaan_musim_kehidupan 
recently got married and decided to be planted in other Church following her husband,tertanam_di_gereja_lain
DM butuh waktu lama untuk kembali hadir di Date,tidak_ada_respon
"sekarang bekerja di daerah senayan dan selalu pulang malam, membuat tidak mungkin untuk ikut DATE di saat-saat ini.",waktu_tidak_sesuai
for good ke luar negeri,lokasi
for good ke luar negeri,lokasi
ingin ambil waktu sendiri dulu,others
mau pendataan ulang,Admin
Waktu Sudah sulit hadir date onsite karena sudah menikah dan ada anak.DL menyarankan untuk move ke date married couple,alasan_date
Berpulang kerumah Bapa pada tgl 23 okt 2025,others
4 kali pertemuan berturut2 tdk hadir,tidak_ada_respon
sudah pindah ke luar kota (menado) for good,lokasi
"pindah kerja & tpt tinggal ke PIK, sdh >3 bln tdk hdr & aktiv di date, sdh diminta mencari date baru namun sibuk kerja blm melakukan hal tsb s/d di remove.",lokasi
cari date lain,alasan_date
"Usernya sudah tidak aktif, dan diganti dengan user baru",tidak_ada_respon
mau pindah ke kuningan 18 yang dekat kantor.,lokasi
Sudah dipanggil Tuhan 3 minggu lalu,others
telah kembali ke Surga,others
"Tidak bisa ikut date lagi, dikarenakan pekerjaan",perbedaan_musim_kehidupan 
"sekarang bergereja di gereja lain, bersama orang tua",tertanam_di_gereja_lain
ada dua email,Admin
proses pindah ke Date lain krn pindah rumah,lokasi
pindah date couple,alasan_date
double account,Admin
pindah ke Aussie to for good,lokasi
"setelah menikah, masih belum menentukan gereja untuk tertanam",others
menikah dan pindah negara,lokasi
Vacum dahulu,others
Vacum dahulu,others
"Semenjak pindah rumah ke Pantai Mutiara lokasi menuju gereja maupun date menjadi tantangan bagi eunike dan alvin, sehingga mereka dengan penuh kerelaan hati memutuskan pindah gereja  Kemudian setelah berapa waktu mencoba, akhirnya memutuskan untuk berjemaat di GBI gilgal PIK (ps. Juan Mogi)o",tertanam_di_gereja_lain
Pindah date suvarna 3,alasan_date
Pindah date suvarna 3,alasan_date
pindah ke Pontianak,lokasi
Transfer ke DATE Gunawarman 2,alasan_date
waktu yg tidak sesuai serta lokasi yang sulit dicapai serta dilakukan atas permintaan sendiri,waktu_tidak_sesuai
pindah keluar kota bersama suami,lokasi
"date akan dibubarkan, berpindah ke date lain",alasan_date
pindah gereja,tertanam_di_gereja_lain
mau pindah ke gereja lain,tertanam_di_gereja_lain
sementara,others
sementara,others
pindah ke gereja Lain (Gilgal),tertanam_di_gereja_lain
sudah bergabung di Date yang baru.,alasan_date
sejak diterima juli 2025 belum pernah hadir dan atas permintaan sendiri mau keluar dulu karena pulang kampung hingga Desember 2025,lokasi
DM akan pindah ke Bali sehingga tidak bisa date lagi,lokasi
DM akan pindah ke Bali sehingga tidak bisa Date lagi,lokasi
"Perbedaan Musim kehidupan, Pekerjaan dan Lokasi",perbedaan_musim_kehidupan 
sudah meninggal dunia,others
Pindah ke luar negeri.,lokasi
Pindah ke luar negeri.,lokasi
Mengganti akun,Admin
NA,others
NA,others
balik kampung untuk selamanya,lokasi
Sudah meninggal dunia,others
Pindah ke DATE gading serpong yg lbh deket ke rumahnya,alasan_date
pindah kerja dan menetap di Korea Selatan..,lokasi
DL Temporary untuk DL yang resign,alasan_date
kembali ke gereja yang lama untuk membantu mengelola ibadah youth,tertanam_di_gereja_lain
kembali ke gereja yang lama untuk membantu mengelola ibadah youth,tertanam_di_gereja_lain
kembali ke gereja yg lama untuk membantu mengelola ibadah youth,tertanam_di_gereja_lain
blum bisa aktif,others
DF pengganti DL sementara,alasan_date
Melahirkan anak dan sedang focus mengurus anak.Tidak bisa join dulu untuk sementara.,perbedaan_musim_kehidupan 
Ingin mencari Date yang usianya tidak jauh berbeda.,alasan_date
pindah ke BSD99,alasan_date
pindah ke BSD99,alasan_date
Filia pindah karena penempatan kerja ke Bali,lokasi
pindah ke Australia,lokasi
mencari DATE yang lebih terjangkau dari tempat kerja,lokasi
pindah ke luar negeri,lokasi
Karena belum moment yg tepat untuk diterima di date,waktu_tidak_sesuai
"karena kepenuhan (jadi hanya pasangannya saja yg di masukin di apps, karena Nike yg war tiket) dan masih ada date member yang mau du transfer dari date lain.",alasan_date
pindah date,alasan_date
melanjutkan studi S2 di UK,perbedaan_musim_kehidupan 
Abroad,lokasi
kesibukan,others
pindah keluar kota,lokasi
sudah tidak hadir,tidak_ada_respon
Other,others
Other,others
pindah Date Martimbang 2,alasan_date
sevenarnya Myrna bukan jemaat JPCC dan dia ingin kembali ke gereja asalnya sekaligus berkomunitas di sana,tertanam_di_gereja_lain
sistem tidak bisa transfer DM. sudah komunikasi dgn DL barunya DM,alasan_date
"Angel pindah ke NY, USA untuk melanjutkan S2",lokasi
melanjutkan study S2 ke Taiwan,lokasi
sedang mencari date baru,alasan_date
sedang mencari date baru,alasan_date
di wakilkan istri,others
di wakilkan suami,others
sudah coba transfer ke BSD 36 tp tdk muncul di apps. Jd data DM akan di remove & request baru di BSD 36,alasan_date
salah approve,Admin
tidak pernah hadir di date lebih dari 6 bulan,tidak_ada_respon
belum memutuskan ke date (baru istri yg memutuskan ke date),others
"Suaminya aktif melayani di gereja lain dan dia pun masih terlibat aktif di sana. Di sisi lain, dia sudah tidak pernah hadir date, dan saat dihubungi berulang kali (via wa, telepon, dan email) tidak merespon sama sekali.",tertanam_di_gereja_lain
Gracia wiroreno ingin tertanam di gereja lain,tertanam_di_gereja_lain
menikah dan pindah gereja,tertanam_di_gereja_lain
ingin mencari date lain,alasan_date
sudah pindah date lain,alasan_date
Telah meninggal dunia pada tgl 5 Juli 2025,others
mencari DATE lain,alasan_date
passed away,others
Move to Manado for good and entering new season of life. tapi dia tetap bisa join online date.,lokasi
pindah kerja ke kota lain,lokasi
sudah kembali ke kota asal,lokasi
rencana pindah date yg dekat rumah tp blom ketemu,lokasi
rencana Pindah date yg dekat rumah tp blom ketemu yg cocok,lokasi
"Ada kesalahan saat ada request masuk, saya tekan 2 kali, jadi langsung probation, Felicia sedang mencari Date yg umurnya lebih sesuai",Admin
ingin pindah date,alasan_date
telah meninggal dunia,others
testing,Admin
Tempat tinggal pindah Ke Manila karena pekerjaan.,lokasi
Tempat tinggal pindah ke Manila karena pekerjaan.,lokasi
"pindah rumah, mau cari date di daerah BSD",lokasi
"pindah rumah, mau pindah date ke daerah BSD",lokasi
akun testing skybridge,Admin
Passed away,others
"perlu waktu untuk menata prioritas, agar ke depan dapat ikut date dengan konsisten",perbedaan_musim_kehidupan 
"perlu waktu untuk menata prioritas saat ini, agar kedepan bisa tetap ikut date.",perbedaan_musim_kehidupan 
tidak aktif dalam DATE,tidak_ada_respon
ingin fokus karir.,perbedaan_musim_kehidupan 
Bekerja dan tinggal di Australia.,lokasi
Sudah tidak aktif dan memutuskan ingin cuti dari date,tidak_ada_respon
date multiplikasi,alasan_date
temporary,others
temporary,others
Akan pindah date,alasan_date
Pindah keluar negeri,lokasi
ada training dr kntr selama 6bln jadi tidak bisa hadir untuk date,waktu_tidak_sesuai
moved to a different church,tertanam_di_gereja_lain
Bekerja di Medan dan pulang setahun sekali,lokasi
pindah ke gereja dekat rumah (GRII Depok) dan sudah tertanam di komsel disana.,tertanam_di_gereja_lain
sudah pindah ke luar kota di Papua,lokasi
"Ybs mau pindah date, sudah hampir 4 bulan trial di date lain ternyata katanya gak cocok dan sekarang lagi trial lagi di date lain lagi.",alasan_date
pindah ke luar negeri,lokasi
Bersama suami pindah ke married couple date,alasan_date
alasan yg sama dengan couple,alasan_date
"hampir tdk pernah hadir, tdk kooperatif, drama playing victim, mengadu domba DM dengan DL",tidak_ada_respon
Memutusakan bergereja di daerah dekat rumahnya,tertanam_di_gereja_lain
Pindah DATE karena DATE tidak aktif,alasan_date
ganti no,Admin
pindah ke gereja lain,tertanam_di_gereja_lain
Anien perlu waktu sementara untuk dapat menata schedulenya agar kedepan bisa ikut DATE lagi.,waktu_tidak_sesuai
Etly memerlukan waktu sementara untuk menata ulang schedulenya agar kedepan bisa ikut DATE lagi,waktu_tidak_sesuai
CT naik jadi DL,alasan_date
DL jadi DF,alasan_date
menetap dan bekerja di Ambon,lokasi
saat ini menetap dan bekerja di Ambon.,lokasi
pindah date,alasan_date
Pindah ke Melbourne,lokasi
Pindah ke Melbourne,lokasi
pindah kota,lokasi
terdaftar di date lain - Tugu Tani 2,alasan_date
work & study overseas,lokasi
"mau cari date couple tapi nanti setelah pindah rumah, selama ini sudah tidak hadir di date",lokasi
ditugaskan ke medan,lokasi
study leave,lokasi
Mencari DATE Married,alasan_date
pindah ke luar kota,lokasi
pindah ke luar kota,lokasi
Mau cari DATE di area lain,alasan_date
kembali menjadi katolik,tertanam_di_gereja_lain
Permintaan untuk mencoba Date Family,alasan_date
Permintaan untuk mencoba Date Family,alasan_date
requested by daters,others
pindah mengikuti gereja suami,tertanam_di_gereja_lain
pindag date sesuai domisili,lokasi
emailnya lagi error,Admin
sedang mencari DATE baru yang dekat dengan lokasi tinggal,lokasi
double account,Admin
begitu menikah pindah tempat tinggal jadi kejauhan,lokasi
"Selama 8 bulan terakhir, kami berkesempatan untuk mengenal kehidupan Naomi. Dalam perjalanannya, ia menghadapi banyak tantangan hidup—baik dalam hubungan keluarga dan sesama, pekerjaan, keterikatan terhadap entitas di luar Kristus, hingga isu seputar parenting.

Sebagai DL, kami telah berupaya memfasilitasi setiap tantangan tersebut dengan memberikan pandangan yang berlandaskan Alkitab dan pengajaran JPCC. Kami juga mengarahkan Naomi kepada pihak-pihak terkait, seperti tim konseling keluarga, tim doa, dan kelas parenting.

Pada tanggal 29 Juli 2025, setelah vakum dari DATE untuk beberapa waktu, Naomi memutuskan untuk keluar dari komunitas DATE. Secara kebetulan, ia bertemu dengan Ps. Rodko, dan setelah ibadah, ia menyampaikan keinginannya untuk pindah ke DATE lain.

Kami telah mencoba menawarkan opsi untuk merujuknya ke DATE yang sesuai, namun Naomi tetap bersikeras untuk keluar dari DATE.

Naomi merupakan salah satu dari empat pasangan anggota DATE yang keluar dalam waktu berdekatan. Kepergian mereka diduga dipicu oleh adanya perselisihan antara DL dengan salah satu pasangan DM yang bersikap di luar kewajaran.

Terkait hal ini, kami telah berkonsultasi dengan DF, Ps. Ivan, Ps. Alvi dan Ps Rodko. Mereka tetap menganjurkan agar kami terus berupaya memfasilitasi dan membantu mereka sebaik mungkin.",alasan_date
accountnya double,Admin
sudah mendapatkan date baru,alasan_date
S2 dan pindah ke Singapore,lokasi
usia next gen,others
usia next gen,others
terdaftar 2 nama sekaligus,Admin
dater pindah alamat ke area matraman sehingga pindah Date Matraman 3 agar dekat dengan tempat tinggal,alasan_date
sudah tidak beribadah di JPCC,others
sudah tidak beribadah di JPCC,others
"seharusnya masih masuk transition, tapi karena kepencet accept jadi mau minta re-join",Admin
Pergantian akun (double),Admin
"Sudah 1,5 tahun tidak join Date dan tidak memberi kabar",tidak_ada_respon
tidak pernah hadir dan tidak ada respon,tidak_ada_respon
mau add istrinya duluan karena istrinya yg daftarin anak,Admin
ketrima skolah di Luar Negri (Perancis),perbedaan_musim_kehidupan 
akan ada peoject ke luar kota cukup lama,perbedaan_musim_kehidupan 
bekerja di luar pulau,lokasi
Pindah lokasi domisili dan akan mencari Date lain yang dekat dgn lokasi mereka saat ini,lokasi
Pindah ke gereja suami.,tertanam_di_gereja_lain
pindah kerja ke Kamboja,lokasi
"Selain memang tidak cocok dengan salah 1 member, kebetulan pindah kantor dan mau fokus dengan pekerjaan dulu",alasan_date
"mau pindah ke date couple di bsd 77 , udh coba transfer data tp sepertinya appsnya lg error..dan udh komunikasii juga sama DL di bsd 77",alasan_date
ka Lontar akan pindah ke Dubai untuk urusan pekerjaan,lokasi
Vincent pindah domisili ke Bandung,lokasi
test,Admin
Pindah ke Jepang bersama suami,lokasi
pindah kerja ke Kalimantan,lokasi
Ybs memutuskan utk tidak bergabung di Date PI3,others
jarang hadir,tidak_ada_respon
Menggantikan DL,others
DF pengganti,others
pindah domisili ke Surabaya,lokasi
sudah join date lain,alasan_date
sudah ada nama nya cuman msh di date krna kmren beda pasword muncul di aplikasi jdi di accep lagi.,Admin
penutupan DATE dan sudah menginfokan kepada DM,alasan_date
penutupan DATE dan sudah menginfokan kepada DM,alasan_date
penutupan DATE dan sudah menginfokan kepada DM,alasan_date
penutupan DATE dan sudah menginfokan kepada DM,alasan_date
penutupan DATE dan sudah menginfokan kepada DM,alasan_date
date currently is not active,alasan_date
date currently is not active,alasan_date
date currently is not active,alasan_date
date currently is not active,alasan_date
date currently is not active,alasan_date
date currently is not active,alasan_date
Rest in Peace,others
"tidak pernah hadir, tidak ada respon di grup WA, diajak ketemuan juga menghindar terus",tidak_ada_respon
berpindah keyakinan,others
"masih transisi, kepencet accept",Admin
ingin pindah ke date lain,alasan_date
ingin pindah ke date lain,alasan_date
Belum mau tertanam di Date saat ini,others
Belum mau tertanam di Date untuk saat ini,others
cukup 1 saja,others
Sudah berpulang,others
Tidak beribadah di JPCC,others
sedang dlm proses,others
permintaan dari DATE Member,others
permintaan dari DATE Member,others
sudah meninggal 2 thn lalu,others
"Debo herself minta untuk keluar dari Date. Ada beberapa hal yg Debo sampaikan ke saya dan my part mendoakan Debo for peace of mind, keep connected with God",others
harusnya probation dulu karena baru join,Admin
registrasi ulang my jpcc dengan email baru,Admin
pindah tugas ke papua,lokasi
DL sudah mengundurkan diri dan sudah disetujui oleh JPCC. Namun DM belum mau mencari tempat date yang baru. DM hanya hadir 1-2x saja setahun.,alasan_date
DL sudah mengundurkan diri dan sudah disetujui oleh JPCC. Namun DM belum mau mencari tempat date yang baru. DM hanya hadir 1-2x saja setahun.,alasan_date
DL sudah mengundurkan diri dan sudah disetujui oleh JPCC. Namun DM belum mau mencari tempat date yang baru. DM hanya hadir 1-2x saja setahun.,alasan_date
DL sudah mengundurkan diri dan sudah disetujui oleh pihak JPCC. Namun DM tidak mau langsung mencari tempat date yang baru. Selama ini DM pun hanya hadir 1-2x setahun.,alasan_date
date member ingin mencoba gereja lain,tertanam_di_gereja_lain
ybs memilih untum tertanam di gbi wtc karena sekolah minggu anak yang bisa lebih mudah di akses,tertanam_di_gereja_lain
ybs memilih untuk tertanam di gbi WTC karena alasan sekolah minggu anak yang lebih bisa diakses,tertanam_di_gereja_lain
70% sudah dibandung sehingga sudah tidak bisa ikut date dan beribadah di jpcc,lokasi
"Sempat tidak ada respon dan menghilang tanpa ada kabar. CT juga sudah menghubungi dan tdk ada respon. Saat sdh diberitahu akan di-remove secara administrasi, barulah merespon. Itu pun minta waktu utk ga date dulu.",tidak_ada_respon
Kesibukan. Untuk hadir sebulan sekali pun sulit.,waktu_tidak_sesuai
ubah email account ke email lama,Admin
Meninggal pada akhir 2024 lalu. ???,others
ganti nama ke isteri. karena isteri yang cari tiket war,Admin
Tidak pernah hadir di DATE selama 4 bulan dan tidak ada respon sama sekali.,tidak_ada_respon
memilih bergereja di gbi gilgal,tertanam_di_gereja_lain
memilih bergereja di gbi gilgal,tertanam_di_gereja_lain
sudah menikah dan saat ini berdomisili di bogot sehingga tidak lagi bergereja di jpcc,lokasi
pindah kerja ke Korea Selatan selama 2 tahun ke depan,lokasi
ingin coba date lain,alasan_date
belum mau ke gereja,others
sementara cuti dari Date karena pekerjaan sering ke luar negeri,waktu_tidak_sesuai
karena kuliah di China,lokasi
karena masuk ke komunitas lain yg lebih dekat & di kampus,tertanam_di_gereja_lain
mau coba DATE married couple,alasan_date
"DM meminta sabbatical dr date tp mau tetap pelayanan di ministry, setelah diberikan waktu 1 bulan, dan ditanyakan kembali komitmennya di date namun DM tsb merespon dgn tdk proper ke DL (tdk sopan). Dan kejadian ini sdh berulang. Ketika DM diingatkan, DM leave dr WAG dan tdk terima sikapnya dikoreksi oleh DL shg memutuskan untuk leave date.",alasan_date
sudah terdaftar atas nama suami,Admin
pindah ke Los Angelos,lokasi
Study ke luar negeri,lokasi
Memilih tetap ke gereka katolik karena istri dan hanya ikut ibadah JPCC secara online. Dengan berdiskusi akhirnya ybs memilih mengundurkan diri dari Date.,tertanam_di_gereja_lain
ada 2 nama,Admin
nama nya 2 di myjpcc,Admin
sedang sekolah ke luar negeri,lokasi
move abroad,lokasi
study abroad,lokasi
Rumah pindah setelah menikah,lokasi
pindah date baru pi 3,alasan_date
pindah date lain,alasan_date
telah pindah ke luar negeri,lokasi
Pindah date sesuai lokasi domisili,lokasi
Pindah date terkait lokasi,lokasi
Isi reason,others
Belum memutuskan utk tertanam di JPCC,tertanam_di_gereja_lain
mengikuti istri yg memilih keluar utk pindah ke Date lain,alasan_date
memilih keluar utk pindah ke Date lain,alasan_date
"sudah dibicarakan dgn DM dan mungkin saat ini bukan pilihan tepat ke daate kami sehingga tidak pernah hadir (sekitar 8-10 bulan). sudah ditanya problemnya, salah satunya lokasi .. sudah ditawarkan daate lain tetapi belum mau",waktu_tidak_sesuai
jarang hadir,tidak_ada_respon
berhalangan karena sedang kuliah,waktu_tidak_sesuai
"Menikah dan pindah gereja, mengikuti suami.",tertanam_di_gereja_lain
Masih perlu berpikir untuk tertanam di Date,others
Masih perlu berpikir untuk tertanam di Date,others
mau mencari DATE baru,alasan_date
abroad,lokasi
ingin pindah ke DATE baru dekat tempat kerja,lokasi
mau mencoba visit beberapa DATE lain,alasan_date
Kebutuhan Date bersama family sehingga mendapat pendampingan karena special needs,alasan_date
"tidak pernah kebaktian di JPCC, karena sekolah minggu anak",tertanam_di_gereja_lain
block semua nmr dan mengirimkan pesan aneh ke beberapa member dan grup,others
Sudah menemukan date lain yang lebih sesuai lokasi dan range usia DMnya,alasan_date
visit DATE lain yg married couple,alasan_date
Sudah pindah ke USA,lokasi
account lama bermasalah. jd buat account baru,Admin
Ybs tdk ingin kondisinya mempengaruhi date.,others
wanna go overseas,lokasi
sementara,others
sementara pindah keluarkota,lokasi
masih 9 tahun,alasan_date
permasalahan pribadi yang mengharuskan ybs utk mencari Date baru,alasan_date
"sudah pindah ke USA, jadi tdk bisa date lagi di jpcc",lokasi
"muslim, disuruh kembali ke rumah ortunya dan dilarang ke grj, sdh 6 bln tdk hadir",others
DL pindah ke Cibubur,alasan_date
DL pindah ke Cibubur,alasan_date
pindah date,alasan_date
pindah date,alasan_date
DM mendaftar di date lain dan daftar pelayanan tanpa ijin dr date menteng atas 1,alasan_date
DM mengundurkan diri karena mau mencari gereja lain,tertanam_di_gereja_lain
DM mengundurkan diri karena ingin mencari gereja lain,tertanam_di_gereja_lain
pindah bekerja di luar kota,lokasi
pindah bekerja di luar kota,lokasi
masi menimbang,others
"DM memutuskan keluar dari DATE, tidak bersedia dimuridkan lebih lanjut (background muslim)",others
moving abroad,lokasi
migrasi ke date lain untuk date offline,alasan_date
Pindah date,alasan_date
"?Sama dgn Marlyn 0812 88323256 tidk mau membaur, provoke & meng'kotak²an group. 
?Bawa teman dari DATE Cengkareng-1 (chandra & lily), & paksakan untuk berada di 2-DATE. (Teguran bs pd mrka dr DL yg bersangkutan).
?Egois.
?Lbih mau dilayani drpd melayani.
?NO respect kepada sesama DM.
?Sakit hati krna DM lain tdk diijinkan bergabung di 2-Date. ?Menciptakan ketidaknyamanan DM lain.",alasan_date
No longer feeling comfortable with the group,alasan_date
Ganti akun myjpcc,Admin
DL tidak sengaja pencet transfer jadi member.  Ivonne masih masuk probation. DL akan approve lagi u masuk Date,Admin
pindah date,alasan_date
pindah ke luar negeri,lokasi
sudah ada di Date Alsut 1,alasan_date
"?Ex DL GPIB, paksakan komsep dgn cara Gereja lama & bukn JPCC. 
?Bawa teman dari DATE Cengkareng-1 (chandra & lily) & paksakan untuk berada di 2-DATE. Mungkin teguran bs pd mrka jg dr DL yg bersangkutan.
?Dominan.
?Egois krna lbih tua & merasa hrus paling dihormati.
?Lbih mau dilayani drpd melayani.
?NO respect kepada sesama DM apalg DL.
?Sudh tdk merasa nyaman di DATE & menciptakan ketidaknyamanan DM lain.",alasan_date
"absensi di bawah 40%, akan dipertimbangkan masuk kembali setelah ada perbaikan dalam absensi.",tidak_ada_respon
"absensi di bawah 40%, dan pasangan masih ada di myjpcc",tidak_ada_respon
Meninggal Dunia,others
"Valen ingin DATE onsite biar lebih enak dalam sharing dan lain lain, untuk saat ini DK10 masih hybrid dan lebih banyak online.",alasan_date
pindah ke US,lokasi
tidak pernah terdaftar jd DM,Admin
Ga bisa dikasih tau baik2 atas perilaku nya yang dinilai tidak baik oleh CT & DM yang lain!,alasan_date
Pindah ke Bintaro 9 karena tidak bisa transfer data terpaksa di remove,alasan_date
Selalu banyak ketidak cocokan dengan DL dan sempat ribut atau cekcok mulut dengan beberapa DM. Setiap apa yang disampaikan oleh ybs seolah2 harus diikuti dan setiap dikasih tau baik2 selalu merasa paling benar terus.,alasan_date
Pindah Gereja,tertanam_di_gereja_lain
"Akan segera menikah, dan sudah sepakat untuk pindah gereja ke gereja calon istrinya.",tertanam_di_gereja_lain
pindah ke Dallas,lokasi
belum 3 bulan. keburu pencet approved.  masih dlm probation,Admin
Setelah pindah kerja tidak bisa komit di date karena plg malam terus. dan karena sudah tidak pernah datang lebih baik undur diri sampai bisa komit kembali.,waktu_tidak_sesuai
pindah kerja ke papua,lokasi
salah pencet,Admin
melanjutkan sekolah S2 di australia,lokasi
Dengan berat hati mau menginformasikan member saya ini sudah berpulang ke BAPA disurga ??,others
Kezia pindah ke daerah Gading dan mau cari date didaerah Gading,lokasi
sudah tidak pernah datang date dan sedang pindah kr geteja lain,tertanam_di_gereja_lain
"Saat ini menetap di Bali dan sudah beribadah di gereja lokal disana, GMS ?",lokasi
Saat ini menetap di Bali dan sudah beribadah di gereja GMS disana.,tertanam_di_gereja_lain
Belum beribadah di JPCC,tidak_ada_respon
"tercatat jadi DM karena menikah dengan DM, namun sebenarnya belum mau ikut DATE",Admin
"issue dengan istri, sudah difasilitasi namun tetap dirasa perlu ke pindah Date lain.",alasan_date
Rencana akan pindah Date,alasan_date
"pindah ke Date lain karena date kemayoran 18 akan dibubarkan,DL pindah ke Bali",alasan_date
"Sebaiknya bergabung di DATE umum, bukan DATE married couple karena lebih sesuai dengan musim kehidupannya.",alasan_date
lokasi dan sudah tidak pernah hadir,lokasi
pindah negara,lokasi
mau probation di date lain,alasan_date
Pindah ke luar negeri,lokasi
pindah ke Bandung,lokasi
ingin pindah date,alasan_date
sudah pindah gereja,tertanam_di_gereja_lain
sudah berpindah ke gereja lain,tertanam_di_gereja_lain
Tertanam di 2 date,Admin
"email yg terdaftar, error jd ganti account",Admin
lagi kuliah di luar negeri sementara,lokasi
"bekerja shift, tidak bisa hadit di date",waktu_tidak_sesuai
RIP,others
beliau sudah berpulang ke rumah Bapa,others
Pindah ke Canada,lokasi
Pindah ke Kanada.,lokasi
katolik,tertanam_di_gereja_lain
katolik,tertanam_di_gereja_lain
double account,Admin
lebih cocok dgn komunitas teman2 lama seblm multiplikasi,alasan_date
memilih untuk keluar,others
dona telah kembali ke rumah Bapa disurga,others
Pindah ke Canada,lokasi
Ikut ke gereja anaknya,tertanam_di_gereja_lain
DATE Setiabudi 7 tutup,alasan_date
DATE Setiabudi 7 akan tutup,alasan_date
DATE Setiabudi 7 akan ditutup,alasan_date
sedang menempuh studi di luar negeri,lokasi
pindah DATE,alasan_date
sudah kembali ke kota asal dan memutuskan untuk tertanam di komunitas lokal,lokasi
pindah kota,lokasi
keputusan DM,others
keputusan DM,others
Pindah kerja keluar kota,lokasi
Dyen menikah di Makassar 16 November 2024. Dia & suaminya pindah & tertanam ke GBI Bekasi.,tertanam_di_gereja_lain
syatem eror,Admin
daftar ulang,Admin
"Mau mencari Date lain krn season sdh berbeda, Leo jg sdh info bahwa akan mencari Date lain",alasan_date
Pindah keyakinan,others
"mau mencari Date yang lebih cocok, lebih sering onsite",alasan_date
Pindah ke negara lain,lokasi
salah masuk DATE,Admin
beda lokasi dan lbh ke gereja istri,tertanam_di_gereja_lain
ybs sudah meninggal dunia,others
Double,Admin
"Yosep dan Putri pada dasarnya adalah pasangan yg baik, sudah bergabung dengan kami kurang lebih 4 tahun dan berjalan seirama.

Dlm perjalanannya mereka memiliki kedekatan dengan salah satu DM (couple) yang baru join date 6 bulan, dan DM yg baru ini punya keinginan utk melayani.

Dlm prosesnya kami melihat ada excess baggage yg membuat overweight kehidupan DM yg baru ini, seperti masih punya beban utang yg cukup besar, masih social smoker & memiliki double standard, serta motivasi utama adalah untuk kemudahan booking ticketing onsite service anak mrk.

Singkat cerita kami memutuskan utk hold mereka dulu sementara waktu (1-2minggu) utk mrk memulai pelayanan, demi menjaga kondusifitas kedua belah pihak ( DM & JPCC).
Akan tetapi hal tsb membuat mereka sangat marah thd kami, termasuk memaki-maki kami didepan DL kami yg terdahulu.
Fnally mrk memutuskan utk keluar dari date. 

Nah hal itulah yg kemudian mempengaruhi judgement Yosep Putri thd kami sbg  DL, dan pada akhirnya membuat mrk juga memutuskan utk pindah date.

Untuk diketahui bersama, keputusan yg kami buat itu tidak berdasarkan keputusan sepihak, akan tetapi sudah dikoordinasikan dengan chain of command kami yaitu DF  dan sudah disetujui.

Demikian hal ini kami sampaikan untuk bisa dipahami bersama perihal kepindahan Yosep Putri  ke date Jagakarsa 1.

Sincerely yours,
DaNa ( Daniel & Christina)",alasan_date
Pindah date ke Thamrin 2,alasan_date
double registration,Admin
double,Admin
ada alasan pribadi,others
DM Meninggal,others
Akun nya ada 2 yang terdaftar. Mau di maintain hanya 1 buah,Admin
pindah lokasi Date,alasan_date
Transfer ke date Cipete 2,alasan_date
other...,others
mau coba Date yg lain,alasan_date
"pindah domisili tempat tinggal, jauh dari date sehingga susah untuk hadir",lokasi
"Pindah date ke alam sutera 26 date couple , tidak bisa ditrasfer karena di app tidalk muncul date  alam sutera 26, jadi saya remov",Admin
ga sengaja kepencet approve member..,Admin
pindah Gereja,tertanam_di_gereja_lain
alasan pribadi,others
jarang hadir krn lokasi date dan wkt yg kurang sesuai,waktu_tidak_sesuai
jarang hadir krn lokasi date dan wkt yg kurang sesuai,waktu_tidak_sesuai
kesepakatan bersama karena ada masalah internal,others
Pindah ke Australia,lokasi
sudah masuk di date lain dengan email lain,Admin
ybs pindah gereja lain,tertanam_di_gereja_lain
akan jarang datang ke date,others
sistem,Admin
Test,Admin
tidak sesuai dengan value DL dan ingin mencari DATE lain,alasan_date
etc,others
Move to Bali,lokasi
ibadah di gereja lain..,tertanam_di_gereja_lain
pindah domisili,lokasi
tidak berkomitmen untuk tertanam di Date Depok 5,others
tidak berkomitmen untuk tertanam di Date Depok 5,others
Pindah Kerja,perbedaan_musim_kehidupan 
seharusnya masih probation,Admin
pindah ke Sydney,lokasi
pindah ke date lain,alasan_date
"kiki merasa ada konflik dgn DM lainnya namun ketika ingin diselesaikan bersama dengan 1 on 1, kiki mengatakan kalau tidak bersedia dan memilih keluar dari DATE. sangat disayangkan namun kami juga telah menyampaikan dan menghormati keputusan ybs",alasan_date
Ingin mencari date baru,alasan_date
other,others
sudah lama tdk pernah hadir dan tanpa info,tidak_ada_respon
"pindah rumah, shg lokasi date jauh dari rumah",lokasi
DATE saat ini bukan prioritas untuk Nita,others
other,others
meninggal dunia,others
salah klik accept 2x,Admin
Mau ganti Akun,Admin
Devi pindah ke Bali for good,lokasi
other,others
other...,others
Andrew mencari DATE yg full onsite,alasan_date
Meninggal dunia.,others
belum bisa komitmen,others
"Jarang sekali hadir , lebih dari 3 bulan tidak hadir",tidak_ada_respon
sudah menemukan DATE baru yg cocok,alasan_date
date member meminta untuk off,others
Yudith kembali ke Sumatera Utara for good,lokasi
pindah ke Aussie,lokasi
indikasi mencari keuntungan dgn cara tidak benar,others
DM ybs pindah keluar kota (bali),lokasi
keluarga tidak mengijinkan ke Kristen,others
"Mutasi Pekerjaan ke kota lain, dan tertanam di Gereja lain",tertanam_di_gereja_lain
"Katanya sudah tidak nyaman di date, pas saya tanyain tidak ada respon sama sekali lagi. Saya sendiri tidak tahu alasannya kenapa dia keluar dan ga nyaman",tidak_ada_respon
anak dari DL,Admin
anak dari DL,Admin
Sinta pilih keluar Date karena marah ditegur DL tidak boleh pendekatan dg suami orang,alasan_date
DF hanya cover DATE sementara saja,alasan_date
memilih tempat date lain untuk bertumbuh dan sudah hibernasi selama 9 bulan,alasan_date
"beda musim jadinya gak pernah datang dan susah berkomunikasi, sudah coba berkomunikasi tapi tidak terlalu ada hasil",tidak_ada_respon
domisili luar kota,lokasi
Tidak ada pertumbuhan dan tidak ada relationship dengan DM lain,alasan_date
Tidak ada pertumbuhan dan tidak ada relationship dengan DM lain,alasan_date
"Amggie memutuskan utk fokus bekerja skrg krn byk business trip jg ke luar kota, jd gak bisa DATE dl",waktu_tidak_sesuai
pindah date area lokasi tapi gak bisa ditrasfer jadinya delete dulu biar DL nya bisa add sendiri,Admin
mengundurkan diri,others
"jarang beribadah di JPCC namun beribadah di gereja lain, dan jadwal DATE sering terbentur dgn pekerjaan.",tertanam_di_gereja_lain
"jarang beribadah di JPCC dan jarang hadir dalam DATE, namun beribadah di gereja lain atas permintaan orang tua.",tertanam_di_gereja_lain
Pindah ke Date yang lain,alasan_date
Pindah ke Date yang lain,alasan_date
Pindah ke luar kota (Magelang).,lokasi
"baru putus, then felt lost. Uda dikasih kesempatan tetap join di DATE tp menolak.",others
double data,Admin
DM pindah ke luar negeri for good,lokasi
pindah kota,lokasi
seharusnya Masih probation tapi Salah accept,Admin
Sudah pulang ke Rumah Bapa.,others
Pindah ke date yang online/hybrid,alasan_date
pindah ke date yang online/hybrid,alasan_date
"mau cari date yg online, tapi mau cari sendiri",alasan_date
"Kak Ine berpindah tugas di Kupang untuk beberapa tahun ke depan dan belum ada kepastian kapan waktunya. sehingga telah disepakati antara DM,DL dan DF untuk mendoakan ybs untuk tertanam di gereja lokal lain di sana. Thank you",lokasi
"sudah lebih dari 4 bulan Sem & Lena ga ikut date. dan secara personal susah dihubungi. sudah beberapa kali saya ajak ketemuan 1on1 tapi ga ada respon. whatsapp juga sering tidak dibalas dan klo dibalas pun butuh beberapa hari. Saat ini Lena juga sudah working full time di lampung, jadi sudah tidak di jakarta. Sebelumnya mereka bergumul perihal keuangan karena Sem sudah tidak bekerja. Kondisi terakhir Sem ada meminjam uang dari saya. Dan saya sudah berusaha untuk memberikan support sebaik kemampuan saya.",tidak_ada_respon
pindah ke pekanbaru,lokasi
akan berpindah gereja di tempat calon suami nya dan rencana akan tertanam disana juga.,tertanam_di_gereja_lain
under probation,Admin
Beliau sudah kembali ke rumah Bapa di sorga,others
sudah meninggal,others
pindah negara,lokasi
"Sistem otomatis menaikan status menjadi DM. Seharusnya tetap probation. Sudah membuat tiket resolve, dan diminta remove manual",Admin
kembali ke surabaya,lokasi
pindah ke Bali,lokasi
member memutuskan untuk pindah gereja,tertanam_di_gereja_lain
Pindah ke Malaysia,lokasi
pindah ke Malaysia,lokasi
pindah date ke sudirman 17,alasan_date
pindah date,alasan_date
Pindah Gereja,tertanam_di_gereja_lain
"ingin join Date Married Couple, rencana join ke Date baru (Brenda Yohan) kemungkinan akhir tahun",alasan_date
"ingin join Date Married Couple, rencana join ke Date baru (Brenda & Yohan) mungkin akhir tahun",alasan_date
hans pindah ke date istri di gading serpong 33,alasan_date
Jarang Hadir & Melihat anggotanya banyak couple,tidak_ada_respon
melanjutkan S2 ke USA,lokasi
salah pencet harusnya probation dulu,Admin
belum tertanam di gereja,tidak_ada_respon
masih belum dapat rutin hadir DATE,waktu_tidak_sesuai
meninggal dunia,others
"seperti ada kesalahan sistem di myjpcc, tiba2x masuk disistem setelah salah satu DM transfer dr date lama ke date sy",Admin
"Mau bertumbuh di DATE yg lain, karena perbedaan visi DATE dgn DM",alasan_date
tidak permah,others
menikah dan pindah keluar kota,lokasi
"Sejak Februari tidak hadir di DATE, di WA tidak merespon & ditelefon tidak diangkat.",tidak_ada_respon
Move to another Church,tertanam_di_gereja_lain
Move to another Church,tertanam_di_gereja_lain
sudah tidak di jakarta,lokasi
sudah tidak di jakarta,lokasi
tidak ada date member tsb,Admin
salah pencet hrsnya accept probation,Admin
Must probation,Admin
diwakili oleh istri,others
diwakili oleh suami,others
diwakili oleh suami,others
"salah masukin. harus nya orang tua, tapi di bikin spouse",Admin
for good ke timika,lokasi
komit untuk stay di Date GS 30,alasan_date
"Minta keluar DATE krn lack of commitment & punya alasan, mulai WFO lg jd merasa kecapaian bgt kl DATE",waktu_tidak_sesuai
melanjutkan studi S2 ke negara lain,lokasi
Desi menikah tanggal 18 Mei 2024 di Bandung & tinggal bersama suaminya di Bandung. Dia akan mencari komunitas di Gereja Lokal.,lokasi
DM diluar kota dan jarang bisa mengikuti Date,lokasi
Pindah ke komunitas gereja lainnya,tertanam_di_gereja_lain
pindah ke luar negeri,lokasi
pindah ke luat negeri untuk melanjutkan pendidikan,lokasi
sudah meninggal :'(,others
Tidak pernah hadir (lebih dr 6 bulan) dan group perlu tambah member baru,tidak_ada_respon
S2 d luar negeri,lokasi
pindah Date baru,alasan_date
"Double Account, sudah dipastikan yang aktif adalah akun yang satunya (gmail). -Bintoro",Admin
Bergumul dengan diri sendiri dan ada suatu hal yg tidak bisa diceritakan,others
Terkendala jarak dan waktu dalam beberapa waktu terakhir,waktu_tidak_sesuai
Pindah kota (ke Bali),lokasi
date akan berpindah,alasan_date
Felicia telah menemukan gereja lain yang lebih cocok dengan hatinya dan memilih untuk bergereja di sana. Felicia permisi dengan baik baik dengan teman-teman saat DATE.,tertanam_di_gereja_lain
"dm minta sendiri, krn ga mungkin bersama lagi dengan suaminya (proses pengadilan perceraian)",perbedaan_musim_kehidupan 
Pindah ke Australia,lokasi
pindah ke australia,lokasi
mau cari date married couple krn sudah menikah,alasan_date
pindah keluar negeri,lokasi
Sesuai dengan keputusan sendiri,others
Pindah keluar kota.,lokasi
Sudah pindah ke USA,lokasi
kepencet 3x (duplicate data),Admin
kepencet 3x (duplicate data),Admin
Permintaan dari DM melalui DATE Support. (Alasan: Sudah request DL namun belum di remove),Admin
date tutup,alasan_date
pindah ke date lain,alasan_date
menggunakan akun yg lain,Admin
member melanjutkan studi di luar negri,lokasi
dipanggil Tuhan,others
menghapus testing dari skybridge,Admin
Permintaan Ybs karena sudah jarang dan tidak pernah ke JPCC lagi dan jarang DATE karena alasan pekerjaan,waktu_tidak_sesuai
mau off date dlu sebelum pindah ke date couple,alasan_date
sekolah dan pindah ke luar negeri,lokasi
"pindah ke date lain, date cempaka putih 03",alasan_date
pindah Date untuk pernikahan,alasan_date
pindah gereja yg dekat tempat tinggal,tertanam_di_gereja_lain
aplikasi error seharusnya visitor,Admin
ingin pindah,others
Pindah tempat tinggal ke Luar Kota,lokasi
istri dari yanto (dater),alasan_date
salah accept ke date member. seharusnya kevin wangsa,Admin
Maaf teman2 date saya blm bisa ikut in onsite n online juga tdk setiap mgg saya mau undur dr date ini terima kasih semu teman2 yg selama ini sdh menerima saya ngikutin date ini Tuhan berkati,alasan_date
mau coba visit tempat lain,others
Pindah dan menetap di kota Surabaya per 1 Juni 2024,lokasi
salah data,Admin
double data,Admin
double,Admin
double data,Admin
Ingin mencari Date lain yang lebih sesuai dengan musim kehidupannya.,alasan_date
request by date member,others
request by date member,others
pindah domisili,lokasi
"wrongly approved, visitor only",Admin
"Tiba2 ada di dalam list member, sebelumnya tidak pernah",Admin
kerja di luar negri,lokasi
"Hendrawan & istri sudah pindah ke DATE KELAPA GADING 61 namun DL menginformasikan disana sudah penuh, hanya bisa menerima istrinya saja masuk ke myjpcc. DLnya menyarankan utk remove saja dari KG43.",Admin
Tdk bs date lg krn pindah kerja ke Bali,lokasi
Pindah domisili ke Batam karena penempatan dari perusahaan tempat bekerja. Telah didampingi proses transisi hingga tertanam di Gereja/komunitas yang baru di Batam,lokasi
"pindah tempat tinggal, jadi sudah pindah DATE baru.",lokasi
Permintaan dari DM,others
meminjam uang kepada member dan menggunakan nama member lain sebagai jaminan untuk meminjam uang kepada teman lainnya,others
pindah gereja karena susah dapat tiket anak2.,tertanam_di_gereja_lain
pindah gereja karena susah dapat tiket anak2.,tertanam_di_gereja_lain
yang aktif hanya istrinya,others
pindah ke kota lain,lokasi
"kehadiran di date kurang, namun pelayanan aktif",tidak_ada_respon
"kehadiran di date kurang, namun pelayanan aktif",tidak_ada_respon
tidak pernah hadir dan pindah ke gereja lain,tertanam_di_gereja_lain
tidak pernah hadir dan pindah ke gereja lain,tertanam_di_gereja_lain
duplicate data,Admin
saya sudah tidak menjadi DL lagi,alasan_date
saya sudah tidak menjadi DL lagi,alasan_date
saya sudah tidak menjadi DL lagi,alasan_date
saya sudah tidak menjadi DL lagi,alasan_date
Meninggal,others
"jarak dengan date jauh, sdh bbrpa bulan off, diarahkan ke date lain dan ybs ok",alasan_date
"bentrok waktu dengan pekerjaan, sdh diarahkan mencari date lain yg waktunya pas dan masih mencoba",waktu_tidak_sesuai
"Saya tidak sanggup untuk menjadi DL bagi saudari Septi atas permasalahan psikologisnya. sudah dicoba ditawarkan tetap menetap di DATE dengan pendampingan dari tim konselor JPCC, namun ditolak.",alasan_date
saya sudah tidak menjadi DL lagi,alasan_date
saya sudah tidak menjadi DL lagi,alasan_date
saya sudah tidak menjadi DL lagi,alasan_date
saya sudah tidak menjadi DL lagi,alasan_date
saya sudah tidak menjadi DL lagi,alasan_date
Setelah menikah pindah ke luar kota mengikuti suami.,lokasi
Double akun,Admin
lagi stay di luar kota,lokasi
"lagi berada di Luar negeri, sementara off dulu",lokasi
ganti sccount,Admin
salah add family member,Admin
pindah keluar negeri tapi masih tetap di WAG.,lokasi
Double Role,Admin
Double account,Admin
beribadah di gereja lain,tertanam_di_gereja_lain
sudah menikah dan pindah ke DATE Kelapa Gading 7,alasan_date
sudah meninggal,others
for good ke sydney,lokasi
"perbedaan musim kehidupan, sudah tidak pernah hadir, slow respon, sudah mengatakan tidak bisa bergabung lagi didate sampai saat ini.",perbedaan_musim_kehidupan 
akan pindah ke date married couple di tebet,alasan_date
pindah ke Sumba (NTT),lokasi
pindah ke australia,lokasi
pindah ke australia,lokasi
sudah pindah kerja ke surabaya kurang lebih setahun dan sudah ikut gereja disana.,lokasi
memutuskan untuk bertumbuh dgn caranya,others
double id or account,Admin
salah tekan,Admin
Sudah di rumah Bapa di Sorga,others
sedang ada masalah pribadi dan blm bs diceritakan ke saya dan vina decide utk quit dr date,others
Re-register,Admin
sudah kembali lagi ke agama lama krn faktor tidak ada pilihan lain yakni tuntutan keluarga yg memaksakan utk kembali ke agama lain.,others
domisili di Pontianak,lokasi
double user login,Admin
salah orang,Admin
"Pindah ke GMS, ikut calon suami kareba ada rencana menikah bln Feb 25",tertanam_di_gereja_lain
mencari date khusus married couple,alasan_date
pindah keluar kota,lokasi
mencari date yang lebih sesuai dengan jadwal,waktu_tidak_sesuai
pindah ke kota Lampung,lokasi
tekan accept 2x,Admin
Komitmen kehadiran rendah. Sudah diingatkan namun tidak menunjukkan perubahan.,tidak_ada_respon
double account,Admin
rencana untuk pindah ke date baru yang lebih deket ke rumah mereka,alasan_date
pindah ke luar kota,lokasi
double account,Admin
double,Admin
salah klik masih probition,Admin
Izin keluar dari Date,others
Data double,Admin
mencari komunitas yg tepat,others
HP saya bermasalah harusnya masuk probation tiba2 ke klik 2 kali,Admin
menetap di Australia,lokasi
salah data salah salah akun,Admin
date akan ditutup,alasan_date
date akan ditutup,alasan_date
date akan ditutup,alasan_date
date akan ditutup,alasan_date
date akan ditutup,alasan_date
date akan ditutup,alasan_date
pindah ke date lain karena waktunya lebih sesuai dan sudah mendaftar dgn email lain,waktu_tidak_sesuai
CT/DM pindah ke negara lain (US) sejak Maret 2024. Thankyou,lokasi
Pindah negara,lokasi
double data,Admin
Suwanto udah berpulang ke rumah Bapa,others
CT sudah naik jadi DL,alasan_date
DL sudah ada,alasan_date
date leader dalam proses pengunduran diri,alasan_date
date leader dalam proses pengunduran diri,alasan_date
ada 2 akun jadi 1 akun di remove,Admin
harus masuk probation dulu,Admin
Meninggal dunia,others
memilih ikut pelayanan di gereja lama bersama istri,tertanam_di_gereja_lain
Pindahaa ke Date lain,alasan_date
perpindahan date member untuk proses pengunduran diri DATE Leader,alasan_date
pindah ke date couple namun tdk bs transfer krn date tujuan tdk ditemukan di app,alasan_date
pindah ke date couple namun tdkb bs transfer krn date tujuan tdk ditemukan di app,alasan_date
"mau pindah ke date lain karena masalah tempat tinggal , mencari yg lebih dekat",alasan_date
Fokus karir dahulu dan pindah rumah ke JGC Jakarta Timur,perbedaan_musim_kehidupan 
memilih untuk gereja ditempat lain,tertanam_di_gereja_lain
DM ingin DATE offline,alasan_date
mau pindah ke date lain,alasan_date
mau pindah ke date lain,alasan_date
Pindah ke date istri,alasan_date
Pindah kerja ke Surabaya,lokasi
human error. salah klik harusnya tetap sebagai new comer,Admin
Menikah dan pindah keluar kota,lokasi
tercatat double,Admin
"Sudah tidak pernah ikut DATE sejak Oct 2023 & tdk pernah di respons jg pas WA, cm di Read",tidak_ada_respon
Pindah ke luar kota,lokasi
sibuk magang dan jarang hadir,waktu_tidak_sesuai
"Sudah setahun lebih tidak pernah join date, sudah pindah gereja.",tertanam_di_gereja_lain
date member mutasi kerja ke sulawesi,lokasi
"tdk commit,suka berbohong dan tdk menghormati keberadaan DM lain",alasan_date
"Florence dipanggil Tuhan pada hari Selasa, 20 Februari 2024 karena CA Servix. May she RIP ?",others
mau ganti email,Admin
Bekerja di luar kota,lokasi
menyatakan mundur dari Date,others
yang bersangkutan memutuskan untuk bertumbuh di gereja lain,tertanam_di_gereja_lain
Almarhum meninggal dunia karena serangan jantung,others
pindah ke gereja lain,tertanam_di_gereja_lain
sudah meninggal di Oktober 2023 kemarin.,others
pindah gereja krn anak tdk bisa sekolah minggu,tertanam_di_gereja_lain
pindah gereja krn anak tdk bisa sekolah minggu,tertanam_di_gereja_lain
saat ini kevin tidak dapat mengikuti date onsite karna masih bekerja di daerah gresik surabaya dan tidak dapat menghadiri date online karena pekerjaannya yang sering lembur.,lokasi
Mau coba cari date baru dengan orang2 yang 1 bidang pekerjaan.,alasan_date
member jarang hadir date dan request untuk keluar dari date,tidak_ada_respon
Kepencet dan masih calon DM yg masih mau coba visit DATE lain,Admin
Test,Admin
mau ditransfer ke date lain,Admin
mau ditransfer ke date lain,Admin
"Joined DATE ternyata krn butuh surat keterangan berjemaat utk nikahnya. Setelah menikah, MIA. Di WA berkali2, hanya di Read, gak pernah dibalas.",tidak_ada_respon
"Selain tidak ada respon lagi, juga tidak pernah hadir lg di pertemuan onsite/online. Kmi berdoa dia tetap bisa bertumbuh di tmpt lain.",tidak_ada_respon
kesibukan kerjaan dan belum bisa berkomitmen hadir,waktu_tidak_sesuai
kesibukan kerjaan dan belum bisa berkomitmen hadir,waktu_tidak_sesuai
entah mengapa ada 1 member dengan 2 akun disini dengan email yg sama,Admin
Already given chance within 2 months but she didnt show up in the given time.,tidak_ada_respon
already given chance to come within 2 months but he didnt show up.,tidak_ada_respon
"DM sudah menikah, dan ingin mencari date married couple,. sudah saya bantu carikan tapi sepertinya kutang cocok dan DM ingin cari sendiri",alasan_date
DL resign krn pindah ke LN,alasan_date
DL resign krn pindah ke LN,alasan_date
DL resign krn pindah ke LN,alasan_date
DL resign krn pindah ke LN,alasan_date
DL resign krn pindah ke LN,alasan_date
DL resign krn pindah ke LN,alasan_date
DL resign krn pindah ke LN,alasan_date
DL resign krn pindah ke LN,alasan_date
DL resign krn pindah ke LN,alasan_date
Mau mencari date lain,alasan_date
Mau mencari date lain,alasan_date
Mau mencari date lain,alasan_date
double entry karena kesalahan alamat email,Admin
Mencari Date lain,alasan_date
pindah kota dan pindah gereja,tertanam_di_gereja_lain
akan pindah gereja lain karena persiapan pernikahan,tertanam_di_gereja_lain
salah alamat email,Admin
"ada date member sdh 2 thn join tp tdk bs join date di myjpcc krn sdh penuh, sementara spouse ini tdk pernah ikut date meeting",tidak_ada_respon
"ada member yg sdh 2 thn join tdk bs join date krn penuh, sementara spouse ini tdk pernah ikut date meeting",tidak_ada_respon
ganti akun myjpcc,Admin
pindah Date,alasan_date
Memiliki perbedaan nilai dengan JPCC,others
merasa kurang cocok,others
menikah dan pindah negara,lokasi
akan pindah ke date KG6. DL KG6 akan invite Venny,alasan_date
mau pindah date yg lebi sesuai waktu & kebutuhan.,waktu_tidak_sesuai
Meninggal Dunia karena sakit kanker.,others
"Ada habit pinjam uang dan sudah di kasih tapi terus terusan , akhirnya kami cari tau ke DL sebelumnya ternyata memang habit nya seperti itu dan di sarankan untuk di Cut saja",alasan_date
mau di provide sebagai core team tetapi dia terlalu �rohani� sehingga ketika ada ketidakcocokan dia langsung mengundurkan diri tanpa may membuka ruang untuk berkomunikasi.,alasan_date
domisili pindah ke jawatimur,lokasi
buat akun baru,Admin
Pindah keluar kota,lokasi
date akan ditutup dan member ingin mencari date lain,alasan_date
Pindah ke Melbourne for good,lokasi
pindah dan menetap di luar negeri,lokasi
"Lokasi DATE pindah, dan yang bersangkutan memutuskan untuk mencoba DATE lain yang lebih memungkinkan untuk alasan lokasi",alasan_date
lokasi date pindah dan yang bersangkutan memutuskan untuk mencoba DATE lain yang lebih dekat lokasiny dgn kantor/ tempat tinggal.,alasan_date
Menikah & Pindah Ke Tasikmalaya ikut Suami,lokasi
Steffi dan Aldwin sudah keluar dari date dan mau mencari Date lain yang sesuai dengan waktu mereka,alasan_date
Steffi dan Aldwin sudah keluar dari date dan mau mencari Date lain yang sesuai dengan waktu mereka,alasan_date
pindah domisili,lokasi
pindah domisili,lokasi
Kembali ke Singapore,lokasi
pindah date muara karang 8,alasan_date
berhalangan krn suami belum tertanam di gereja,others
"DL resign, nomor DM tidak bisa dihubungi",alasan_date
DL dinonaktifkan. DM tidak merespon saat dikonfirmasi mau pindah date/bagaimana,alasan_date
DL dinonaktifkan. DM bilang mau stop date dulu,alasan_date
pindah ke NTT,lokasi
DL dinonaktifkan. DM tidak merespon saat dikonfirmasi mau pindah date/bagaimana,alasan_date
sudah pindah luar jakarta,lokasi
DL dinonaktifkan. DM tidak merespon saat dikonfirmasi mau pindah date/bagaimana,alasan_date
DL dinonaktifkan. DM tidak merespon saat dikonfirmasi mau pindah date/bagaimana,alasan_date
Lokasi dan waktu yang tidak sesuai,waktu_tidak_sesuai
Pindah ke luar kota untuk menetap di sana,lokasi
Pindah ke luar kota untuk menetap di sana,lokasi
Tidak bisa berkomitmen lagi di dalam Date,waktu_tidak_sesuai
"Mengatakan bahwa pastor2 di jpcc hutang darah (yg artinya tidak selamat/binasa/masuk neraka). Dan mengatakan bahwa melakukan yoga adalah penyembahan berhala. Selalu mengatakan tentang kutuk, hukuman Tuhan, murka Tuhan, dan segala sesuatu yg tidak sesuai pendapat dia asalnya adalah dari iblis. Tertanam di yayasan mahanaim/bahtera ministry yg dimiliki oleh iin cipto",others
"Mengatakan bahwa pastor2 di jpcc hutang darah (yg artinya tidak selamat/binasa/masuk neraka). Dan mengatakan bahwa melakukan yoga adalah penyembahan berhala. Selalu mengatakan tentang kutuk, hukuman Tuhan, murka Tuhan, dan segala sesuatu yg tidak sesuai pendapat dia asalnya adalah dari iblis. Tertanam di yayasan mahanaim/bahtera ministry yg dimiliki oleh iin cipto",others
pindah kota,lokasi
Pindah kota,lokasi
tidak mau berkomitmen lagi dan mencoba pindah ke Date lain,alasan_date
DL dalam proses mengundurkan diri,alasan_date
DL dalam proses mengundurkan diri,alasan_date
tidak mau berkomitmen lagi dalam Date dan sudah kurang lebih 3 bulan tidak join Date,tidak_ada_respon
tidak tahu ini siapa,Admin
ganti email dan akun baru,Admin
DL step down from the role.,alasan_date
pindah ke glc7. namun di list gak ada. nanti diinvite Ama glc7,alasan_date
sudah pindah kota,lokasi
ada ketidakcocokan dengan budaya date dan beberapa DM.,alasan_date
date member sudah tidak di Jakarta lagi,lokasi
mau mencari date yang baru,alasan_date
pengunduran diri DL,alasan_date
pengunduran diri DL,alasan_date
jarang hadir,tidak_ada_respon
jarang hadir,tidak_ada_respon
fokus di karir,waktu_tidak_sesuai
tidak ingin bergabung di Date karena merasa bergereja sudah cukup baginya,others
"saya dalam proses resign dari posisi DL dan teman date saya, Joshua mau mencari date lain.",alasan_date
Pindah ke Manado,lokasi
pindah ke katolik mengikuti suami,tertanam_di_gereja_lain
double data,Admin
DF hanya menggantikan sementara sampai DATE di takeover oleh DL,alasan_date
pindah ke Luar Negri,lokasi
keduanya memutuskan tidak mau ikut date lagi,others
pindah ke US,lokasi
memutuskan tidak aktif,tidak_ada_respon
test,Admin
DL tidak aktif,alasan_date
test,Admin
DATE Leader akan mengundurkan diri dan mau mencari DATE lain,alasan_date
DATE Leader akan mengundurkan diri dan mau mencari DATE lain,alasan_date
DATE Leader akan mengundurkan diri dan mau mencari DATE lain,alasan_date
test,Admin
"emma sudah hampir setahun tidak datang date tidak bertemu dengan DL atau member date, saat ini pekerjaannya menuntut untuk bolak balik ke kalimantan... dan rencana masih setahun kedepan akan sprt ini... berat memang melepas anak dm. tapi saya berharap semua anak date bertumbuh dan berbuah. bagaimana mau bertumbuh jika tidak pernah bertemu..... oleh karena itu saya sudah berkonsultasi juga dengan DF mengenai status emma... jauh, tidak pernah datang jadinya dan agak sulit dihubungi (baru akhir2 ini agak gampang di wa chat).... saya memberikan kesempatan ema untuk bertumbuh di tmpt dimana dia banyak berada sekarang dan mengizinkan untuk masuk date lagi setelah dia kembali ke jkt. selain itu saya ingin anak date member lain juga tidak merasa aneh dengan dizinkannta member tidak datang tapj terus tertanam dalam myjpcc. karena itu saya memutuska untuk saat ini me remove emma dahulh",perbedaan_musim_kehidupan 
Hampir 1 thn tidak hadir,tidak_ada_respon
Pasangan bermasalah dgn group krna si istri penuh dgn prasangka buruk & minta sebagai yg paling di respect. Smntara suami tdk bs ambil keputusan/alasan selain vacum & tdk mau berkomunitas Gereja lg. Kmi lbh baik selamatkan CR2 drpd couple tsb. Tmksh,alasan_date
test,Admin
sudah jadi pastor,others
meninggal dunia,others
test,Admin
"Date Tidak Aktif, mencari Date Baru.",alasan_date
"Date Tidak Aktif, mencari Date Baru.",alasan_date
"Date Tidak Aktif, mencari Date Baru.",alasan_date
"Date Tidak Aktif, mencari Date Baru.",alasan_date
"Date Tidak Aktif, mencari Date Baru.",alasan_date
"Date Tidak Aktif, mencari Date Baru.",alasan_date
"Date Tidak Aktif, mencari Date Baru.",alasan_date
"Date Tidak Aktif, mencari Date Baru.",alasan_date
double,Admin
Sudah bukan DM lagi,alasan_date
mengundurkan diri sukarela,others
Mengundurkan diri sukarela,others
"kami doubel klik di request, harusnya Calon DM ms probation, tp tdk sengaja ke klik approve msk jd DM",Admin
berpindah agama,others
mengundurkan diri,others
mengundurkan diri,others
pindah gereja,tertanam_di_gereja_lain
"Lidya tidak pernah hadir. Terakhir di hubungi infonya sibuk bekerja. Sering pindah pekerjaan dan tempat tinggal. Pernah mengajukan bantuan finansial ke JPCC peduli covid tanpa diskusi dgn DL. Apabila kemudian ia mencari date lain, mungkin perlu menjadi concern kondisinya yg perlu kesembuhan dari gangguan kejiwaan (alasan utama karena sulit mengampuni kakak²nya dan berdamai dgn diri sendiri).",others
Nico hanya aktif hadir virtual date di tahun pertama (2020) sehingga pada tahun 2022 kami membatalkan rekomendasi utk pelayanan hospitality yg sudah diajukan sebelum pandemik terjadi. Pertimbangan kami adalah karena ketidakhadiran dia di date serta sering tidak mengikuti online service JPCC. Hal ini menyebabkan ketika hadir pun juga tidak inline dgn materi pembahasan di date.,tidak_ada_respon
sejak November 2021 sudah tidak pernah join ibadah Date ataupun aktifitas lainnya di Date Taman Anggrek 13 dan tdk join ibadah JPCC sejak tahun lalu,tidak_ada_respon
"sudah tidak hadir di date sejak bulan Mei 23. No info, telp tdk dijawab. Wa slow respon.  Divisit juga tdk mau.",tidak_ada_respon
Sekolah di Jerman (Nuremberg),lokasi
sekolah keluar negeri,lokasi
DM pindah kota,lokasi
"sudah 3 bulan lebih tidak hadir karena bentrok dgn kerjaan. sudah di encourage untuk ikut DATE lain, dan belum bisa komit untuk ikut DATE",waktu_tidak_sesuai
"awalnya memilih pindah date krn alasan tidak cocok waktunya. setelah dilayani mencari alternatif date lain, akhirnya memilih tertanam di komunitas lain di luar jpcc",tertanam_di_gereja_lain
putus dengan pacar yg date member dan tidak ada respon,tidak_ada_respon
pindah ke Australia.,lokasi
double email,Admin
"tidak bisa hadir karena pekerjaan, perbedaan usia dan pemahaman yang cukup signifikan dengan anggota DATE lainnya",waktu_tidak_sesuai
Merasa tidak nyambung dgn komunitas yg diharapkan jadi 2nd home.,alasan_date
"sudah tidak aktif. beberapa masalah inter personal dengan member lain, belum diselesaikan",alasan_date
S2 ke luar negeri,lokasi
member pindah ke bali tapi masih keep contact,lokasi
Ruth mengajukan pengunduran diri krn sedang mengalami masalah dgn date member lain. Tujuan pengunduran diri ini adalah agar bs fokus utk menyelesaikan masalah yg sedang terjadi.,others
Sudah meninggal dunia,others
Move to Kualalumpur,lokasi
mau keluar dari DATE karena sedang fokus mengurus pernikahan. tidak fokus ke DATE dulu. setelah menikah mau ke married couple,perbedaan_musim_kehidupan 
mau regis ulang pk email lain,Admin
testing,Admin
ingin mencoba date lain karna ada perbedaan pendapat dengan DL,alasan_date
sdh ada terdaftar dalam email yg berbeda,Admin
pindah ke luar negeri,lokasi
lanjut studi S3 di Hongkong,lokasi
lanjutkan studi S3 di Hongkong (HKUST),lokasi
Mau mencoba mencari cari date lain,alasan_date
date leader rubah ke merried couple,alasan_date
Memutuskan untuk keluar DATE,others
pindah ke DATE lain,alasan_date
menikah dan menetap di Bali,lokasi
double profile,Admin
personal,others
sudah terdaftar sebelumnya,Admin
orang tua date member,Admin
merasa tdk nyaman karena status dan merasa sulit untuk beradaptasi.,others
Pindah ke Australia (Port Macquarie),lokasi
Pindah ke Australia (Port Macquarie),lokasi
DM ganti HP dan email baru?,Admin
saat ini karena masih punya anak baby jdi masih belum bisa komiymen untuk tiap minggu datang. hanya bisa sesekali hadir,waktu_tidak_sesuai
sudah pindah ke luar kota secara permanen,lokasi
pindah ke Bali,lokasi
pindah negara,lokasi
Study di America,lokasi
sedang study di Amerika,lokasi
tidak tertanam di jpcc,tertanam_di_gereja_lain
Tidak tertanam di jpcc,tertanam_di_gereja_lain
"tidak pernah hadir kurang lebih 2½ tahun terakhir, sibuk dengan pekerjaan dan persiapan beasiswa S2, sering di kontak dan menginformasikan akan hadir tetapi tetap tidak muncul. secara keinginan bertumbuh sebenarnya ada, tetapi tidak terlihat dari kerinduan utk benar² hadir dalam pertemuan date.",tidak_ada_respon
"tertanam dan melayani di gereja lain, tidak pernah hadir 2 ½ tahun terakhir, perbedaan musim kehidupan (waktunya sangat sibuk dengan pekerjaan). prioritas menemani mama sejak papanya kembali ke rumah Bapa.",tertanam_di_gereja_lain
"tidak pernah hadir, sulit terhubung (sudah dikontak tapi tidak ada respon), 3 tahun lalu hadir tapi tidak bisa full focus karena tanggung jawab pekerjaan",tidak_ada_respon
ditempatkan ke luar negeri,lokasi
pindah k Surabaya,lokasi
double,Admin
sudah tidak beribadah secara rutin ke jpcc,others
request untuk keluar Date setelah 2 minggu tidak hadir Date. Ditanya alasannya ga cocok dengan Date ini dan ditawarkan bantuan untuk cari Date lain juga tidak mau.,alasan_date
pindah ke luar kota,lokasi
-,others
pindah tempat tinggal dan pindah greja,lokasi
meninggal dunia,others
Needed some space and time due to family/marrital problem.,others
perubahan musim kehidupan dari DL nya.,perbedaan_musim_kehidupan 
Want to find a different community after getting married,alasan_date
Moved to another church due to family reasons,tertanam_di_gereja_lain
Moved to another church due to family reasons,tertanam_di_gereja_lain
Moved to another church due to family reasons,tertanam_di_gereja_lain
date leader rubah ke date merried couple,alasan_date
"Bukan Member date, Nesya mendaftarkan sbagai suami padahal mereka belum menikah",Admin
"Kesalahan sy. Status Eka adl br mulai visit di date. jadi shrsnya accept as probation, bukannya DM",Admin
already move to other date for 2 years,alasan_date
have not been joining for more than 1 year,tidak_ada_respon
going abroad to UK to work and live there together with his wife Maria.,lokasi
going abroad to UK to work and live there together with her husband David.,lokasi
terdaftar dengan 2 akun di date,Admin
moving to Bandung already years,lokasi
DM sudah tidak pernah dtg ke DATE lbh dr 2 tahun,tidak_ada_respon
DM sudah tidak pernah dtg ke DATE lbh dr 2 tahun,tidak_ada_respon
DM sudah tidak pernah dtg ke date lbh dr 2 tahun,tidak_ada_respon
DM sudah tidak pernah dtg ke date dlm jangka waktu 2 tahun,tidak_ada_respon
putri berencana pindah gereja ke gereja awal bersama teman2nya,tertanam_di_gereja_lain
"withdraw from DATE, disarankan untuk mencari DATE lain yg lebih sesuai",alasan_date
Sudah pindah keCikarang jadi tidak bisa date lagi,lokasi
Date member memilih untuk off sementara krn alasan yg tdk bs dijelaskan kepada DL.,others
Sudah tidak pernah datang selama 3 bulan terakhir.,tidak_ada_respon
Tidak aktif di date selama lebih dari 1 tahun.,tidak_ada_respon
Tidak aktif di date selama lebih dari 1 tahun.,tidak_ada_respon
Tidak aktif di date selama lebih dari 1 tahun.,tidak_ada_respon
"Belum bisa komitmen untuk datang ke Date, sudah berbulan-bulan tidak hadir ke 
Date dan Sdri. Mei meminta secara pribadi untuk dikeluarkan dari date.",tidak_ada_respon
memutuskan utk tidak ternama di DATE lagi karena season kehidupan yg baru yaitu menikah dan belum ada waktu untuk cari DATE yg lbh dekat dekat tempat tinggal baru nya di TANGERANG. sebagai DL saya sudah bantu fasilitasi untuk cari DATE baru namun tidak ada kabar dan komitmen nya utk visit maupun cari DATE married couple.,perbedaan_musim_kehidupan 
"Salah input
Salah input nama. Itu nama anak date member",Admin
"Date Member info blom bisa komitmen untuk hadir mengikutin date walaupun 1 atau 2 bulan sekali karena sering lembur di kantor..udh info ke date member akan coba bantu cari date yang bisa menyesuaikan dengan jadwal member , tp date membernya tetap pada pendiriaanya..dan selama join di date di bulan januari date member baru hadir 3x ikut join date sampai july ini..thank you",waktu_tidak_sesuai
"Arwin & family moved to Bali dan mau tertanam di gereja lokal, dan mereka mau bergabung komsel disana.",lokasi
"Gina & family move to Bali dan mau tertanam di gereja lokal, dan mereka mau bergabung komsel disana.",lokasi
Memutuskan utk tertanam di gereja lain,tertanam_di_gereja_lain
sudah tidak pernah datang ke date dan gereja.,tidak_ada_respon
Sudah Tidak lagi berdomisili di Jakarta,lokasi
Saudara Deynes sudah almarhum atau meninggal dunia,others
ybs sudah tidak pernah hadir di DATE dan ibadah onsite,tidak_ada_respon
Never joined DATE more than 7 months.,tidak_ada_respon
Never joined DATE more than a year.,tidak_ada_respon
Never joined DATE more than a year.,tidak_ada_respon
Renati pindah ke Bali dan akan bergereja di Bali,lokasi
Pindah ke gereja lain bersama pacarnya.,tertanam_di_gereja_lain
Pindah ke gereja lain dan pindah tempat tinggal.,tertanam_di_gereja_lain
diluar kota sejak beberapa tahun yg lalu,lokasi
"date member sudah berpindah lokasi,jadi tidak memungkinkan untuk stay di date.",lokasi
"date member sudah pindah lokas, jadi tidak memungkinkan kalau stay di date kami. Dan sudah coba di date yang dekat dengan rumahnya",lokasi
Robin & Meylis sudah pindah ke Medan dari setahun lalu dan akan seterus nya domisili di Medan. Mereka juga sudah menemukan gereja lokal disana.,lokasi
Robin & Meylis sudah pindah ke Medan dari setahun lalu dan akan seterus nya domisili di Medan. Mereka juga sudah menemukan gereja lokal disana.,lokasi
Pindah Domisili ke New Zealand,lokasi
Pindah Domisili Ke New Zealand,lokasi
"akan dapat beasiswa ke New York, jadi tidak akan berada di Jakarta",lokasi
memberi tempat ke DM yg lbh membutuhkan,others
"sudah di luar kota, ga aktif lg",tidak_ada_respon
ybs sudah lama tidak pernah hadir di pertemuan date. sudah konfirmasi pd ybs utk proses remove.,tidak_ada_respon
Sedang mencari date married couple,alasan_date
Sedang mencari date married couple,alasan_date
"memutuskan untuk tidak Date lagi, karena pindah tempat tinggal.",lokasi
"tinggal di luar kota, jadi tidak bisa hadir jpcc lagi",lokasi
pindah rumah dan pindah gereja,tertanam_di_gereja_lain
pindah rumah dan pindah gereja ke luar kt,tertanam_di_gereja_lain
"kuliah diluar kota, kita himbau untuk mencari komunitas lokal",lokasi
"kuliah diluar kota, jadi kami himbau untuk mencari komunitas lokal.",lokasi
"sedang kuliah diluar negeri, kita himbau untuk join komunitas lokal.",lokasi
"never joined the date since the beginning,",tidak_ada_respon
"long time inactive , not joining jpcc online service too, ministry in other church",tertanam_di_gereja_lain
"long time inactive , not joining jpcc online service too, ministry in other church",tertanam_di_gereja_lain
"long time inactive , not joining jpcc online service too, ministry in other church",tertanam_di_gereja_lain
Ella is moving to UK for working,lokasi
Pindah ke luar kota dan tidak ikut date lagi,lokasi
Info dr dm tidak mau ikut date dulu,others
Pindah tempat tinggal dan sudah berkeluarga,lokasi
"setelah berdiskusi, DM siap untuk menjalani season baru di tempat yang baru bersama dengan pasangan, dan kami segenap DATE mendukung agar DM dapat tertanam dan bertumbuh dengan baik dan optimal di tempat baru nya.",perbedaan_musim_kehidupan 
She wants to change to another Date with younger members,alasan_date
ada 2 email yang masuk jadi di pake salah satu saja,Admin
tidak hadir date lebih dari 3bulan. bahkan lebih dari 6bulan baik Online & Offline,tidak_ada_respon
Silvia sudah tidak bergereja di jpcc lagi,others
double account. ada yang email hotmail dan gmail. delete 1 account yang hotmail,Admin
No active and no communication. It was by mistake to approve teice anyway,tidak_ada_respon
Non active dan tidak merespon ketika di hubungi,tidak_ada_respon
"Non active more than 3 months, karena pindah kerja dan tmpt kos",tidak_ada_respon
Udah lama ga dateng pertemuan date,tidak_ada_respon
Sudah pindah kota dan memutuskan untuk ikut tertanam di gereja suami setelah menikah,lokasi
Vincent tidak pernah datang ke date,tidak_ada_respon
Move to other date married couple,alasan_date
Sudah tidak pernah join DATE lagi,tidak_ada_respon
Sedang sekolah di luar negeri dan bukan jemaat JPCC,others
Berjemaat dan melayani di gereja lain,tertanam_di_gereja_lain
"Sudah tidak aktif date, akan kembali lagi",tidak_ada_respon
Move to other church krn ga bs dpt seats untuk anaknya di greja sunday,tertanam_di_gereja_lain
Move to other church krn ga bs dpt seats untuk anaknya di greja sunday,tertanam_di_gereja_lain
sudah tidak pernah mengikuti DATE,tidak_ada_respon
sudah tidak pernah mengikuti DATE,tidak_ada_respon
sudah tidak pernah mengikuti DATE,tidak_ada_respon
sudah tidak pernah mengikuti DATE,tidak_ada_respon
sudah tidak pernah mengikuti DATE,tidak_ada_respon
"Transfer ke Date Sudirman12 dengan cara manual, karena tidak muncul pilihan transfer ke Date Sudirman 12 di app myjpcc.",alasan_date
Member didn’t show up for the past year. Thank you.,tidak_ada_respon
Member wants to find DATE that is near to her boarding house and campus. Thank you.,alasan_date
Member wants to find DATE that is near to his workplace/home. Thank you.,alasan_date
sudah tidak datang ke date lebih Dari 6 bulan Dan info tidak bisa komit dengan ikut DATE setiap online atau offline,tidak_ada_respon
Tidak lagi merespon saat dikontak sejak desember 2023,tidak_ada_respon
Sarah sudah tidak aktif di date karena terakhir kali diinfo mau pindah ke date married couple,tidak_ada_respon
Amalia pindah kerja ke luar negeri,lokasi
Perubahan kategori Date dari general menjadi married couple,alasan_date
Perubahan kategori Date dari general menjadi married couple,alasan_date
Perubahan kategori Date dari general menjadi married couple,alasan_date
Perubahan kategori Date dari general menjadi married couple,alasan_date
Perubahan kategori Date dari general menjadi married couple,alasan_date
Perubahan kategori Date dari general menjadi married couple,alasan_date
Shelly ingin mencari date yg offline dan waktu yang sesuai dengan jadwalnya.,waktu_tidak_sesuai
"Pindah rumah ke PIK, jadi kejauhan untuk ikut offline di BSD",lokasi
pindah ke kota bandung satu keluarga,lokasi
pindah ke kota Bandung satu keluarga.,lokasi
Sudah tidak bergereja di JPCC,others
Seasons of life. Has not been attended DATE for awhile,perbedaan_musim_kehidupan 
Miranda sedang kuliah di luar kota dan sebagai DL kita encourage Miranda untuk dapat tertanam di gereja lokal disana sehingga bisa bertumbuh & berbuah,lokasi
Transfer to Date Gading Serpong 11,alasan_date
Transfer to Date Gading Serpong 11,alasan_date
"masih mau mencoba date lain, belum perna datang ke date bsd 47",alasan_date
tidak cocok dgn pertemuan online. ingin mencari date offline.,alasan_date
sudah pindah untuk bekerja ke Amerika,lokasi
"Karna ada masalah yang sedang terjadi, Peter belum bisa untuk mengikuti Date dan menyatakan ingin keluar dari Date.",others
move to china for college:”))),lokasi
move to UK for college. hard to find matching time,lokasi
"Sedang kuliah diluar negeri, dan kita (as DL) encourage Chris untuk bisa tertanam di komunitas lokal & terus bisa bertumbuh didalam Tuhan.",lokasi
Mau mencoba mencari date lain,alasan_date
Date member pindah gereja dekat rumah,tertanam_di_gereja_lain
"Edo sudah 6 bulan tidak menghadiri Date, dan tidak membalas chat grup maupun pc",tidak_ada_respon
"Sudah lama tidak datang date, dan sudah memutuskan tidak tergabung dengan date. Sudah ditawarkan apakah mau pindah date, tapi tetap tidak mau.",tidak_ada_respon
domisili yg berbeda. pulang ke kampung halaman,lokasi
diluar kota menetapnya jd ud ga bs hadir date offline,lokasi
sudah tidak hadir dari januari 2023,tidak_ada_respon
"perubahan data email dan no hp
datemember lupa pasword email lama dan no hp sudah tifak digunakan. solusi create akun baru",Admin
sudah tidak aktif  lebih dari 6 bulan,tidak_ada_respon
"double input di data myjpcc, sehingga coba dikeluarkan salah satu akun",Admin
"double input di data myjpcc, sehingga coba dikeluarkan salah satu akun",Admin
"tidak sengaja ter approve, status masih probation",Admin
"tidak sengaja approve, status masih probation",Admin
"Nesa sudah tidak aktif selama 6 Bulan di Date karena sibuk dan merasa tidak bertumbuh dalam sebuah Date. Ngerasa belum ada manfaatnya untuk join Date, jadi ingin mengundurkan diri",tidak_ada_respon
Inactive and never attended date,tidak_ada_respon
Intan has moved to place outside Jakarta,lokasi
sudah tidak date bln feb23. tidak ada kabar..,tidak_ada_respon
"sudah tidak aktif di DATE kita, dan tidak bergereja di JPCC",tidak_ada_respon
yang bersangkutan tidak memberikan kabar apapun mengenai keputusannya left DATE,tidak_ada_respon
"sudah 2 tahun tidak datang ke date setelah istri melahirkan 2 anak, dan belum ada waktu untuk berkomitmen datang ke  date",perbedaan_musim_kehidupan 
"sudah 2 tahun tidak datang ke date setelah melahirkan 2 anak, dan belum ada waktu untuk berkomitmen datang ke  date",perbedaan_musim_kehidupan 
"Ybs 2 tahun kebelakangan ini tidak pernah hadir di DATE dan saat di follow up, Ybs info bahwa sekarang dia ada kegiatan lain yang bentrok dgn waktu DATE Sunter 15 sehingga dia lebih memilih mundur dari DATE Sunter 15.",waktu_tidak_sesuai
Need time to take a break. Meanwhile diambil keputusan utk diremove dari group date dl karena belum bisa commit dateng ke date lagi.,others
Pindah rumah krn sudah berkeluarga dan mau pindah tmpt ibadah krn jauh ke JPCC,lokasi
Tidak aktif mengikuti Date sudah lebih dari 6 bulan. Sudah di infokan dan menyatakan ingin leave dari Date Tebet 17,tidak_ada_respon
mengundurkan diri dan sudah tidak aktif/ tidak hadir dalam 6 bulan,tidak_ada_respon
date mamber ingin melanjutjan date di date karawaci 3 karena merasa dari sisi usia tidak cocok di date karawaci 9,alasan_date
"has been inactive for many months due to her schedule, and decided to search another DATE",waktu_tidak_sesuai
"Berencana cari Date yg lebih dkt rumah, stlah skrng mulai wfo kantornya.",alasan_date
Pindah ke PIK dan akan cari date sendiri,lokasi
"uda kerja di luar kota, jd ga aktif Date lagi",lokasi
Sudah tidak beribadah di jpcc,others
Sudah tdk aktif lagi di jpcc..,others
Proses perubahan kategori DATE dari general menjadi married couple,alasan_date
Sudah meninggal dunia sejak 17 January 2023,others
Sudah lama tidak aktif dan tidak bisa dihubungi tlp nya dan juga tidak ada kabar.,tidak_ada_respon
"Saat Pandemi ikut Date secara online , setelah Pandemi berakhir kembali ke gereja asal , ikut suami yang memang dari awal bukan jemaat JPCC .... sampai sekarang masih berhubungan tetapi di luar Date ...",tertanam_di_gereja_lain
"ivana is following her husband to join his church (abbalove)
she will still our member in daily life... but need to remove her in the system to give space for newer member",tertanam_di_gereja_lain
"Bukan date member, otomatis ter-add karena date member sy mengganti status menikah dimana belum menikah. Status skrg sudah di-update dan sesuai.",Admin
"DM sudah lama tidak bisa date karena ada pekerjaan di waktu dan jam date menteng atas 1. DM ingin mencari date yang waktunya cocok dengan waktunya, yaitu di sabtu di atas jam 2 atau hari selasa",waktu_tidak_sesuai
Absen lebih dari 3 bln karena alasan kesibukan pekerjaan,waktu_tidak_sesuai
"Absen lebih dari 3 bulan, dng alasan kesibukan kerjaan.",waktu_tidak_sesuai
Yana & suami memutuskan untuk aktif di gereja lain dan mendampingi anak-anak mereka,tertanam_di_gereja_lain
Alex & istri memutuskan untuk aktif di gereja lain dan mendampingi anak-anak mereka,tertanam_di_gereja_lain
Moved to a new house in Bumi Serpong Damai,lokasi
Moved to a new area in Bumi Serpong Damai,lokasi
Mau pindah date krn jumat sibuk,alasan_date
date member tidak aktif datang ke date,tidak_ada_respon
Tidak ada kabar selama 2 bulan,tidak_ada_respon
Sudah tidak aktif lagi di date. Semenjak date mulai offline sudah tidak lanjut date lagi karena domisili jauh dari lokasi date,tidak_ada_respon
Sudah tidak aktif lama dan tidak pernah merespon walaupun di follow up berkali-kali,tidak_ada_respon
Pindah negara dan sudah pindah gereja,tertanam_di_gereja_lain
Pindah domisili dan sudah pindah gereja,tertanam_di_gereja_lain
"Akan cari komsel digererja lain. Pisah sama pacarnya gagal menikah, dan pacarnya yang stay di date",tertanam_di_gereja_lain
Tidak pernah hadir di DATE dan yang bersangkutan sedang mencari DATE yang dirasakan cocok waktu dan usianya,alasan_date
"Already moved to Surabaya, still in DATE Group joined for Online DATE",lokasi
sudah tidak datang lama dan sibuk karena kerja di jakarta sekarang,waktu_tidak_sesuai
new season in life. got pregnant and chose to move to a married couple,perbedaan_musim_kehidupan 
Not active in DATE for more than a year.,tidak_ada_respon
Move to Bali for good and no longer churching in JPCC.,lokasi
Move to Bali for good and no longer churching in JPCC.,lokasi
Move to another city outside Jakarta,lokasi
The person is now living in Bali and already found the local church there.,tertanam_di_gereja_lain
mencari date yang dilakukan pada hari sabtu pagi di area green lake city.,alasan_date
Handy telah pindah ke DATE Alam Sutera 3,alasan_date
Sudah lama tidak join Date krn pindah kantor,lokasi
date member ini sudah tidak begitu mengikuti kegiatan date dan sudah tidak pernah ada komunikasi baik dgn date member atau date leader. Dan juga mereka sedang mempersiapkan perpindahan negara dalam waktu dekat.,lokasi
DM yg bersangkutan harus pindah tempat sesuai dengan tempat kerja. dan memutuskan akan mencari DATE baru.,lokasi
DM tidak pernah hadir di dalam DATE lebih dari setahun dan tidak ada respon ketika di approach,tidak_ada_respon
DM sudah tidak pernah hadir date lebih dari setahun dan tidak ada respon ketika di approach,tidak_ada_respon
He moved to another date.,alasan_date
DM sudah pindah ke Australia untuk kerja dan berusaha,lokasi
Memutuskan untuk keluar dr Date (Keinginan sendiri),others
Memutuskan untuk keluar dr Date (Keinginan sendiri),others
Bukan anggota DATE. Namun terdaftar karena didaftarkan oleh jonathan,Admin
"Pindah tempat tinggal ke JakBar.
Date stop dulu sampai proses pemulihan penyakit paru parunya selesai.",others
selama hampir 2 tahun ybs ga pernah hadir dalam Date. dan dalam sebulan terakhir Saya berusaha mengajak ybs utk datang kembali namun tidak ada respon sama sekali dari ybs. bahkan tidak satupun wa saya yg dijawab. Saya melihat ybs sudah merasa tidak nyaman lagi di Date Kalibata 4,tidak_ada_respon
Tidak pernah datang date dan merasa kurang cocok di date alsut 3.,alasan_date
never attend date for  more than 3 month,tidak_ada_respon
tidak aktif dan susah datang ke pertemuan date,tidak_ada_respon
no longer members of BSD 3 since 2023,Admin
Tidak aktif datang ke DATE selama 6 bulan,tidak_ada_respon
sudah lama tidak aktif di date. ibadah di gereja lain.,tertanam_di_gereja_lain
"DM terkendala lokasi karena sekarang tinggal di sekitaran ciputat, sedangkan date kami di rawamangun. Thanks!",lokasi
Masih belum komitmen untuk general date,others
Member sidah tidak aktif dari akhir tahun 2021,tidak_ada_respon
"Sudah tidak pernah hadir, sementara slot untuk yang rutin dateng",tidak_ada_respon
Lagi diluar negeri sementara diisi orang lain dulu,lokasi
"Pindah domisil, sudah menikah dan mau ke date couple",lokasi
"not active for months, busy load, change season of life",perbedaan_musim_kehidupan 
Waiting until the person has margin time to come,waktu_tidak_sesuai
"Belum join date, hanya ikut nama pasangan",others
"Belum join date, hanya ikut nama pasangan",others
Udah gak pernah date lagi dan sudah pindah lokasi ke bsd,lokasi
perlu meningkatkan komitmen kehadiran,tidak_ada_respon
Sedang tidak bergereja di JPCC,tertanam_di_gereja_lain
Sedang tidak bergereja di JPCC,tertanam_di_gereja_lain
"mencari date baru, dikarenakam DL ada masalaha kesehatan jadi Off dl dari pelayanan",alasan_date
"mencari date baru lg dikarenakan DL ada masalah kesehatan, jadi off dl dari pelayanan DL",alasan_date
"mencari date baru lagi, dikarenakan DL sedang ada masalah kesehatan jd akan Off dl dari pelayanan",alasan_date
Member sudah lama tidak aktif datang ke DATE,tidak_ada_respon
merasa tidak nyaman di Date lagi,others
Akan berpindah domisili ke USA,lokasi
Going back to the old church and not attend date anymore,tertanam_di_gereja_lain
"not active more than 2 months.
already try to reach him but no respond",tidak_ada_respon
Member sudah tidak aktif dan sudah lama tidak date,tidak_ada_respon
Saat ini berada di season yang berbeda dan sudah tidak aktif lagi di date.,perbedaan_musim_kehidupan 
Saat ini berada di season yang berbeda dan sudah tidak aktif lagi di date.,perbedaan_musim_kehidupan 
Member sudah lama tidak aktif di date,tidak_ada_respon
"pindah date karena memang nanti nya cipinang 7 ga ada lagi,Krn kesehatan DL mengundurkan diri dari pelayanan",alasan_date
Michelle pindah tempat tinggal ke jakarta,lokasi
Sherly Lisianti mengajukan pengunduran diri minggu ini hari rabu tanggal 14 Juni 2023 karena memutuskan untuk pindah dan berjemaat di gereja lain..,tertanam_di_gereja_lain
Pindah ke china dan akan mencari komunitas disana,lokasi
Cannot commit with DATE activities due to family matters.,others
Cannot commit with DATE activities and will no longer be planted in JPCC,others
Ga bisa dikontak lebih dari 6 bulan,tidak_ada_respon
"Pindah rumah dan kantor, sedang dlm prioritas yg berbeda",lokasi
Mau married dan ikut gereja calon suaminya di Cikini,tertanam_di_gereja_lain
"Bu Inggrid hanya sekali ikut temu DATE on-site, dan setelah itu tidak pernah ikut temu DATE lagi, baik virtual maupun on-site. Barusan beliau sudah putuskan tidak mau bergabung dulu dgn DATE PIK 35.",tidak_ada_respon
Date Member tidak aktif dan sudah lama tidak datang date,tidak_ada_respon
Date Member tidak aktif datang ke pertemuan Date mingguan,tidak_ada_respon
"She lives in another town with her family, and has moved to local church.",tertanam_di_gereja_lain
He's been out of town for work and has moved to local church.,tertanam_di_gereja_lain
"Monic hasn’t been active to come to date since 2020, she is now working at outside Jakarta",lokasi
Sudah berbeda season kehidupan,perbedaan_musim_kehidupan 
"Sudah tidak bergereja di JPCC, karena kalah war sering tidak dapat seat sunday school, saat ini di GDI Kuningan City",tertanam_di_gereja_lain
DM moved to another country. Sedang dalam proses mencari komunitas di sana,lokasi
Member sudah tidak aktif di date,tidak_ada_respon
Member sudah tidak aktif di date,tidak_ada_respon
Mau mencari date married couple,alasan_date
"Halo Abraham, saya akan remove lu dari member ya, karena kehadiran di Date tidak aktif. jika mau ikut Date lagi ato mau cari Date lain yg sesuai schedule lu feel free ya. let me know if need help. tx. GBU",tidak_ada_respon
Date member has moved to other city and unable to join date,lokasi
Sedang fokus pada hal lain sehingga tidak dapat komitmen untuk sementara waktu,waktu_tidak_sesuai
sudah tidak aktif dr tahun 2020 dan belum mau bergabung dikomunitas dl,tidak_ada_respon
Sudah berjemaat di tempat lain,tertanam_di_gereja_lain
memutuskan mau cari dket bsd n blm ada kabar lagi,alasan_date
Oktavia changed her email address and will not use this email anymore in the future.,Admin
tidak aktif di date. sementara masih akan jadi visitor di date.,tidak_ada_respon
"istri pindah kerja di Bali, apabila  sudah kembali ke Jakarta kemungkinan akan aktif lagi nge Date di Cengkareng 2",lokasi
"pindah kerja di Bali, apabila  sudah kembali ke Jakarta kemungkinan akan aktif lagi nge Date di Cengkareng 2",lokasi
"Sudah tidak aktif lagi di date
Sudah di approach namun memang ybs berhalangan untuk hadir dikarenakan kesibukan",waktu_tidak_sesuai
"change ID login, member punya email yg berbeda",Admin
Putra dan Hanna memilih untuk tidak join karena keterbatasan waktu mereka untuk join DATE dan saat jni mereka ada di musim baru yang tidak mudah,perbedaan_musim_kehidupan 
"move to other church
remarried after divorce",tertanam_di_gereja_lain
"Pindah ke date lain dengan alamat email yang berbeda. Akhirnya setelah berbincang dengan date barunya, diusulkan untuk akun yang ini diremove dulu.",Admin
Kerjaannya lembur tiap kamis jdi better cari date lain,alasan_date
Date inactive. Date member cari date baru,alasan_date
DM tidak pernah hadir lebih dari 1 tahun dan tidak pernah merespon saat dihubungi.,tidak_ada_respon
Domisili sedang si luar negeri,lokasi
"Sudah pindah domisili,move to date baru",alasan_date
Member nya sampai ada 3 untuk 1 nama yg sama,Admin
Member nya sampai ada 3 untuk 1 nama yg sama,Admin
Sudah pindah ke gereja lain dan tidak aktif di dalam date.,tertanam_di_gereja_lain
Kehadirn krg dr 30% slm 10 bln,tidak_ada_respon
"move to other Date
with the same group of age",alasan_date
The couple move to other church,tertanam_di_gereja_lain
The couple move to other church,tertanam_di_gereja_lain
ekspektasinya bahwa DATE itu adalah lingkungan pertemanan yang fun dan solid. Tidak setuju dengan multiplikasi sebagai salah satu indikator DATE yang sehat.,others
sering tidak hadir tanpa info lebih dari 1 bulan,tidak_ada_respon
Double profile in the data. Already registered,Admin
Move to Gilgas as they find difficulties to get seat in JPCC Kids,tertanam_di_gereja_lain
Move to Gilgal as they find difficulties to get seat in Next gen Kids,tertanam_di_gereja_lain
Sudah 3 bulan tidak join date.,tidak_ada_respon
"sudah 2.5 tahun tidak pernah hadir date, berhalangan karena kesibukan pekerjaan dan ada ibadah di gereja lain",tertanam_di_gereja_lain
"sudah 2.5 tahun tidak pernah hadir date, berhalangan karena kesibukan pekerjaan dan ada ibadah di gereja lain",tertanam_di_gereja_lain
Tidak ada respon jika diajak untuk DATE (apakah bisa datang atau tidak). Dan kenyataannya tidak ada kejelasan dan tidak datang DATE.,tidak_ada_respon
Tidak cocok dengan hari Jumat akan mencoba DATE lain di hari Kamis,alasan_date
Chika choose to search for another date since she can’t join on Monday and her workplace is moving to Glodok area,alasan_date
Date akan nonaktif dan DM akan mencari date baru,alasan_date
Date akan nonaktif dan DM akan mencari date baru,alasan_date
Date akan nonaktif dan DM akan mencari date baru,alasan_date
Date akan nonaktif dan DM akan mencari date baru,alasan_date
Date akan nonaktif dan DM mau mencari date lain,alasan_date
blm cocok di dlm jpcc dan date memutuskan pindah gereja yg sesuai dengan kebutuhan ya,tertanam_di_gereja_lain
"Tidak aktif,sudah tidak berjemaat di jpcc",tidak_ada_respon
member tidak pernah mendaftar dan tidak pernah ikut date. otomatis masuk ke DK9 karena istri mengubah status married dengan DM yang bersangkutan,Admin
"date pindah lokasi, yang bersangkutan request diremove spy bs melihat daftar DATE di akun myjppc.",alasan_date
Lokasi date terlalu jauh dengan lokasi kerja/tempat tinggal,alasan_date
Mengundurkan diri karena akan pindah ke agama Katolik,tertanam_di_gereja_lain
Sudah pindah keluar kota jakarta,lokasi
Sudah pindah keluar kota Jakarta,lokasi
Tidak aktif karena jadwal date tidak cocok dengan kesibukan,waktu_tidak_sesuai
Tidak aktif karena jadwal date bentrok dengan kesibukan,waktu_tidak_sesuai
jadwal kerjaan dan kelas sudah tidak pas,waktu_tidak_sesuai
Mengundurkan diri karena jauh dan macet dari rumah di gading serpong dan sibuk dengan bisnisnya yang sering sampai malam,waktu_tidak_sesuai
"Date disbanded, and she wants to look for another Date",alasan_date
Sudah tidak bisa hadir date berapa bulan terakhir,tidak_ada_respon
Sudah tidak pernah datang DATE setahun,tidak_ada_respon
Mau mencari date married couple,alasan_date
Mau mencari date married couple,alasan_date
Tidak memiliki pandangan yang sesuai dengan value yang ada di DATE.,others
kerjaan di hari sabtu dan tidak mengikuti date selama 3 bulan,waktu_tidak_sesuai
"Ganti email, atau double akunnya",Admin
"Domisili tempat tinggal tinggal pindah ke Bogor, dan saya bantu carikan Date di daerah Bogor, sehingga tetep bisa berkomunitas dan bisa berdate",alasan_date
sedang cuti date untuk smentara ini.,others
sudah pindah gereja dan tidak datang,tertanam_di_gereja_lain
pindah gereja dan sudah tidak aktif,tertanam_di_gereja_lain
"Nic tidak pernah dtg date, sudah diapproach tp masih tdk dtg jg",tidak_ada_respon
sdh lama tidak joint dalam DATE,tidak_ada_respon
"sdh lama tdk datang dalam DATE meskipun secara online, alasan waktunya skrg kurang pas karena ada nge les in anak di daerah dekat rumahnya",waktu_tidak_sesuai
mencari date baru yang lebih sesuai kebutuhan,alasan_date
Ingin mencari tempat DATE yang baru..,alasan_date
pindah kota ke Surabaya. Jadi dia mencari gereja di Surabaya,lokasi
tidak pernah datang Date & tdk ada kabar,tidak_ada_respon
Pindah ke luar negeri selama 3 tahun ikut Suami (Jason). dan off untuk sementara di date. Untuk keluar dari Date Serpong Lagoon 2 sudah di setujui oleh Melisa,lokasi
Pindah ke luar negeri selama 3 tahun untuk sekolah. dan off untuk sementara di date. Untuk keluar dari Date Serpong Lagoon 2 sudah di setujui oleh Jason,lokasi
DL pindah domisili ke tangerang,lokasi
"tinggal di luar kota sekarang, jd ga aktif lg",lokasi
pindah ke gereja istrinya jadi tidak aktif di date lagi,tertanam_di_gereja_lain
Moved to a different church in jakarta wi tj husband,tertanam_di_gereja_lain
saat ini sudah berdomisili di Bali,lokasi
Move to a different date and deciding to stay in that new date,alasan_date
Ijin keluar dari Date dan memutuskan untuk pindah Khatolik mengikuti calon suaminya,tertanam_di_gereja_lain
Member sudah lama tidak menghadiri DATE,tidak_ada_respon
Member sudah lama tidak menghadiri DATE,tidak_ada_respon
"Wanna move to other DATE, member sudah lama tidak menghadiri DATE",alasan_date
Saat ini Natan memutuskan untuk mencoba tertanam di gereja lokal yang sama dengan istrinya.,tertanam_di_gereja_lain
Move ke NDC church agar dapat beribadah bersama keluarga,tertanam_di_gereja_lain
Move ke NDC church agar dapat beribadah bersama keluarga,tertanam_di_gereja_lain
Ingin mencari gereja lain dikarenakan sudah berkeluarga dan susah mencari kelas untuk anaknya di alam sutera,tertanam_di_gereja_lain
Move to another country (related to job),others
sudah pindah Date. Dunnow kenapa disini masih nyangkit,alasan_date
Pindah ke Turki untuk beberapa tahun karena alasan pekerjaan,lokasi
Tidak hadir sudah 3tahun dan menulis keluar ketika ditanya,tidak_ada_respon
DATE member ingin pindah DATE dan mencari sendiri,alasan_date
tidak komitmen dan lokasi terlalu jauh,lokasi
They decide move to another city.,lokasi
Waktu dari pekerjaan dan gereja orang tua yang tidak memungkin untuk hadir date,waktu_tidak_sesuai
Moved to a farther distance location and will be focusing in another Church outside of JPCC Campus.,tertanam_di_gereja_lain
pindah dan tinggal di luar kota,lokasi
Sudah tidak aktif di date sudah pindah gereja,tertanam_di_gereja_lain
"moved to aussie for uni, mencari komunitas baruu disana supaya timezone nya lbh enak sesuai kelas",lokasi
Lanjut study di luar negeri dan setahun lagi baru balik indonesia,lokasi
"Sudah tidak aktif dlm kehadiran dan sudah menginfokan kalau blm bisa komit lagi untuk saat ini, dan blm mau mencari date lain.",waktu_tidak_sesuai
High season saat ini jd blm bs komit,waktu_tidak_sesuai
Menemukan komunitas lain yang lebih cocok,alasan_date
Jarang bergereja di Jpcc dan lebih dari 3 bulan tidak ikut date tanpa kabar,tidak_ada_respon
Ybs sedang tidak cocok jadwalnya & memilih utk stop date dulu saat ini,waktu_tidak_sesuai
"Sudah 2 tahun lebih tidak aktif, dan sudah kami kontak, ada rencana aktif di persekutuan lain",tidak_ada_respon
sudah tidak join komsel lagi lebih dari setahun,tidak_ada_respon
sudah tidak join komsel lagi lebih dari setahun,tidak_ada_respon
sudah tidak join komsel lagi lebih dari setahun,tidak_ada_respon
sudah tidak join komsel lagi lebih dari setahun,tidak_ada_respon
Sudah memilih untuk tidak tertanam di date pulomas 1,others
Pindah ke Date Khusus Single...,alasan_date
Sudah jarang ikut Date karena pindah rumah dan bekerja di Singapur,lokasi
Sudah pindah ke Bali dan belum ada rencana untuk balik ke Jakarta lagi.,lokasi
Tidak hadir 2 tahun dan tidak bisa dihubungin..,tidak_ada_respon
pindah tempat tinggal ke papua,lokasi
"Pindah ikut suami keluar negri, London",lokasi
Jarak. Domisili jauh. Sementara ke gereja orang tua,tertanam_di_gereja_lain
Belum dapat mengikuti date. Pelayanan di gereja kakak sepupuh,tertanam_di_gereja_lain
Belum dapat mengikuti date. Pelayanan di gereja orang tua,tertanam_di_gereja_lain
"Study S2 keluar negri, London",lokasi
Pindah domisili ke Kota Medan,lokasi
terkendala ada kelas malam setiap hari jumat,waktu_tidak_sesuai
Multiplikasi DATE dan ybs akan cari date lebih dekat,alasan_date
She has moved to different church to be closed with her son.,tertanam_di_gereja_lain
he's not attending Date meeting for almost 6 weeks and want to move to other Date,alasan_date
Sudah tidak datang ke Date lebih dari 3 bulan,tidak_ada_respon
Sudah pindah tempat tinggal dan lagi cari Date di dekat tmpt tinggal nya,alasan_date
Mencari Date baru karena Date lama pindah lokasi,alasan_date
Mencari Date baru karena Date lama pindah lokasi,alasan_date
Mencari Date baru karena Date lama pindah lokasi,alasan_date
Mencari Date baru karena Date sebelumnya pindah lokasi,alasan_date
Move to singapore for certain period,lokasi
Move to Singapore for certain period,lokasi
sudah pindah ke luar negeri mengikuti suami,others
sudah pindah ke luar negeri bersama suami,lokasi
Season of Life berubah (punya anak dan saat ini belum bisa commit ikut DATE lagi),perbedaan_musim_kehidupan 
Season of Life berubah (punya anak dan saat ini belum bisa commit ikut DATE lagi),perbedaan_musim_kehidupan 
Member sdh tidak aktif dan ada kemungkinan mau cari date baru,alasan_date
Tidak aktif di DATE selama pandemi & sudah lama tidak beribadah di JPCC.,others
Tidak beribadah di JPCC lagi ikut suami,others
Pindah domisili dari Jakarta ke Pontianak,lokasi
Sering bertugas di luar kota dan pindah gereja,tertanam_di_gereja_lain
Saat ini belum bisa komit untuk tertanam di DATE,waktu_tidak_sesuai
"DM sdh tidak aktif cukup lama.Sdh diajak bicara, request mau off dulu.Sdh ditawarkan utk pindah date yg sesuai lokasi domisili atau kerja.",tidak_ada_respon
kondisi saat ini belum bisa mengikuti date online dan catch up dengan date karena ada prioritas lain (keluarga dan pekerjaan),waktu_tidak_sesuai
kondisi saat ini belum bisa mengikuti date online dan catch up dengan date karena ada prioritas lain (keluarga dan pekerjaan),waktu_tidak_sesuai
Berpindah ibadah di tempat gereja lain karena kesepakatan keluarga antara suami dan istri ( yang sebelum nya sudah dipikirkan),tertanam_di_gereja_lain
Kurang cocok dgn range umur & akan mencari komunitas baru,alasan_date
Has been inactive for a long time,tidak_ada_respon
"Ybs akan pindah date, ijin remove",alasan_date
member pindah domisili tempat tinggal,others
"After moving to Kelapa Gading she is not in JPCC anymore.
Previously, she request to move to another DATE in Kelapa Gading, however till now not moving to the new DATE. Please remove her from my DM in the apps.",others
"Felix, ini app nya error kalo ud bener bisa join lg. dr pihak teknisi nya minta smua.member di delete dl.",Admin
Moving to another city (palopo),lokasi
pindahndate couple ke sunter 8 karna dah full harus manual,Admin
pindah date couple jd ketua date yg sunter 8 dah full jd gak bs trnsfer,Admin
Farah is moving to other church and joining their small group there.,tertanam_di_gereja_lain
"Lama tidak hadir, setelah ditanyakan dikarenakan kesibukan",waktu_tidak_sesuai
Ybs request. Bersama istri sjk menikah rutin di gereja dkt rumah sdh tdk pernah ke JPCC lg,tertanam_di_gereja_lain
Pulang ke Surabaya dan menetap di Surabaya,lokasi
no longer active. sudah tidak. pernah datang,tidak_ada_respon
double input lagi lagi lagi lagi double input,Admin
no longer activeeeeee. rumah sudah pindah,lokasi
no longer active lagi lagi lagi lagi lagi,tidak_ada_respon
"memutuskan pindah ke gilgal, karena kesibukan pekerjaan dan jam ibadah lebih cocok di gilgal",tertanam_di_gereja_lain
ingin mencari date baru yg lebih sesuai jadwal. dan ingin mengenal orang orang baru,alasan_date
"ingin mencoba date lain, karena ingin mengenal orang orang baru dalam date",alasan_date
sudah tidak bisa aktif hadir karena sibuk dengan pekerjaan,waktu_tidak_sesuai
Sudah tidak aktif dalam 3 bulan,tidak_ada_respon
Sudah tidak aktif dalam 3 bulan,tidak_ada_respon
Sudah tidak aktif dalam 3 bulan,tidak_ada_respon
Yang bersangkutan mau fokus dalam pekerjaannya,waktu_tidak_sesuai
Yang bersangkutan pindah gereja karena sedang mengalami musim hidup yg berbeda dan butuh makanan rohani yang lebih “keras”,tertanam_di_gereja_lain
sudah lama ngk hadir dan susah di kontek,tidak_ada_respon
DM menikah Dan pindah ke Bandung utk menetap disana bersama suami,lokasi
Date member sudah lama tidak hadir di Date karena sibuk dalam pekerjaan.,waktu_tidak_sesuai
Pindah kota dan tidak bisa date lagi,lokasi
Ingin pindah date. Tp belom nemu,alasan_date
karena Pak Cahya statusnya adalah sudah menjadi pendeta di gereja lain.,tertanam_di_gereja_lain
karena dia DF ku..waktu itu sementara dia menjadi DL untuk menggantikan posisi DLku yg lama,alasan_date
Sudah menyatakan mengundurkan diri dan berpamitan dari DATE,others
Sudah menyatakan mengundurkan diri dan tidak lagi bergereja di JPCC,others
Ini DF kami yang sebelumnya merangkap jadi DL karena DL sebelumnya resign,alasan_date
Karena tidak bisa date hari jumat,waktu_tidak_sesuai
Karna sudah pindah dari dgs 23,alasan_date
Karna sudah pindah dari dgs 23,alasan_date
Sudah pindah ke luar kota dan tidak di jakarta,lokasi
Sudah pindah dari jakarta ke provinsi lain,lokasi
Sudah tertanam di gereja yang lain,tertanam_di_gereja_lain
"sudah lama tidak pernah DATE lagi, sejak tahun lalu..",tidak_ada_respon
pindah gereja karena jarak dan pekerjaan,tertanam_di_gereja_lain
Date member sudah pindah ke jepang,lokasi
ingin mencari date lain krn jarak rumah kejauhan,alasan_date
DM tidak merespon dan sudah 1 thn lbh tidak hadir DATE,tidak_ada_respon
Multiplikasi date dan DM akan cari date lain lebih dekat lokasi,alasan_date
member mau cari kelompok dan suasana baru,alasan_date
member mau cari kelompok dan suasana baru,alasan_date
Jarang datang ke Date Thamrin 2,tidak_ada_respon
"Sejak gabung Ado sudah berdomisili di kota Dumai dan saat ini berusaha cari Komsel disana, sudah ditawarkan Date yg masih online tp dia prefer yg offline di Dumai.",alasan_date
Still not married yet so far..,alasan_date
member ingin pindah date beserta pasangannya karena lokasi jauh,lokasi
"pindah gereja, sudah lama tidak beribadah di JPCC",tertanam_di_gereja_lain
"Dia tidak pernah terdaftar sebagai date member, otomatis masuk aplikasi krn pasangannya (Nesya) mendaftrakannya sbagai suami. sementara member saya Nesya belum menikah.",Admin
Multiplikasi DATE jadi DM memilih date lain yang lokasi lebih dekat,alasan_date
Multiplikasi DATE jadi DM memilih untuk pilih date lain,alasan_date
Multiplikasi DATE jadi DM memilih DATE yang lebih dekat,alasan_date
Multiplikasi date jadi DM memilih date lain yang lebih dekat,alasan_date
pindah keluar negeri dan sudh tdk pernah hadir date,lokasi
"confirmed, ybs pindah gereja dan sudah tdk pernah hadir",tertanam_di_gereja_lain
Karena date member pindah dan kerja di bali,lokasi
Member tdk aktif selama 4 bulan,tidak_ada_respon
Pindah domisili dan menetap di Jogja,lokasi
tidak ad kabar selama 3 bulan lebih,tidak_ada_respon
Pindah tempat tinggal dan tempat kerja jdi tidak dapat hadir date lagi,lokasi
Tidak ada kabar 6 bulan. Di follow up melalui wa tidak balas. Member dinilai tidak aktif dalam date,tidak_ada_respon
Sudah pindah date dikarenakan merasa kurang cocok di date ini karena perbedaan usia dengan member lainnya agak jauh,alasan_date
Penempatan pekerjaan di luar kota (Bogor),lokasi
Penempatan pekerjaan di luar negri (Dubai),lokasi
"Perubahan kategori date dari general ke married couple, dan date member pindah domisili ke sydney australia",alasan_date
"Perubahan kategori date dari general ke married couple, dan date member mau mencari date baru secara mandiri",alasan_date
"Perubahan kategori date dari general ke married couple, dan date member mau mencari date baru secara mandiri",alasan_date
sudah tidak terlalu relevan karena DM sudah banyak yg menikah,alasan_date
dia adalah istri CT. tidak pernah datang date. baru melahirkan.,perbedaan_musim_kehidupan 
Member sering tidak hadir alasan pekerjaan,Admin
Perbedaan tujuan dan harapan dalam mengikuti DATE.,others
Perbedaan tujuan dan harapan dalam mengikuti DATE.,others
"Pindah rumah ke area Jakarta yang lumayan jauh dari tempat DATE, dan sedang menantikan kelahiran seorang anak.",perbedaan_musim_kehidupan 
"Pindah menetap di surabaya, karena pekerjaan",lokasi
"Keluar DATE, pertimbangan to another church",tertanam_di_gereja_lain
ada perbedaan pandangan mengenai tujuan date,others
ada perbedaan pandangan mengenai tujuan date,others
pindah universitas di luar negri,lokasi
pindah universitas di luar negri,lokasi
Sekeluarga pindah ke Taiwan.,lokasi
Mau mencari date lain yang harinya lbh sesuai,waktu_tidak_sesuai
"Tidak aktif selama setahun, saya berusaha kontak namun msh blm ada jawaban",tidak_ada_respon
Suami dari DM tapi tidak ikut date,Admin
"sudah tidak aktif date
date bukan jadi prioritas dalam berkomunitas
sepanjang pandemik samp mei 2023 hanya sekitar 10x date",tidak_ada_respon
"sudahbtidak aktif di date kelapa gading 32 selama 3 tahun
udah dikonfirmasi tanpa ada keputusan",tidak_ada_respon
"Tidak aktif sepanjang 2 tahun dan smp 2023 
dan telah konfirmasi memang tidak mau akif di date KG32",tidak_ada_respon
"non aktif sepanjang pandemic
tahun 2023 hanya datang 1x 
sepanjang 5 bulan ini hanya 1x hadir dalam pertemuan date.",tidak_ada_respon
"mau mencari date lain, karena ada perbedaan tujuan dan harapan dalam mengikuti DATE",others
"mau mencari date lain, karena ada perbedaan tujuan dan harapan dalam mengikuti DATE",others
Pindah ke married date supaya lebih sesuai dengan kebutuhan.,alasan_date
Pindah ke married date supaya lebih sesuai dengan kebutuhan.,alasan_date
sudah beberapa bulan tidak ikut date dan waktu yang terlalu sibuk sehingga memutuskan untuk off dl,waktu_tidak_sesuai
date member akan kerja di luar negeri dan mengikuti suaminya. date member mencari date yang bisa online agar tetap bisa berkomunitas saat di luar negeri.,lokasi
Indra sudah info tidak ikut DATE karena sudah pindah gereja.,tertanam_di_gereja_lain
Indra sudah info tidak ikut DATE karena sudah pindah gereja.,tertanam_di_gereja_lain
"member salah input double 
data",Admin
Sudah tidak hadir dari 2022. Dikontak tidak ada respons. Ingin memberi ruang untuk new member yang benar-benar bisa dimuridkan dan komit untuk ke date.,tidak_ada_respon
Sudah tidak hadir dari 2022. Dikontak tidak ada respons. Ingin memberi ruang untuk new member yang benar-benar bisa dimuridkan dan komit untuk ke date.,tidak_ada_respon
dater pindah ke USA utk jangka lama,lokasi
dater pindah ke USA utk jangka lama,lokasi
"pindah domisili ke Maja Raya, sehingga pindah gereja",lokasi
mencari date dengan waktu yg berbeda,waktu_tidak_sesuai
Dikarenakan date ini sudah tidak aktif dan anggota date diberi waktu untuk mencari date baru,tidak_ada_respon
Di karenakan date ini sudah tidak aktif dan anggota member mau mencari date baru,tidak_ada_respon
Pasangan Amos & Lia pindah gereja,tertanam_di_gereja_lain
Pasangan Amos & Lia pindah gereja,tertanam_di_gereja_lain
banyak kesibukan pekerjaan di hari jumat,waktu_tidak_sesuai
banyak kesibukan pekerjaan di hari jumat,waktu_tidak_sesuai
"Never come, no news and never respond..",tertanam_di_gereja_lain
Move to new address at Palmerah,lokasi
Remove to new Address at KebonJeruk,lokasi
Remove to the new house at Serpong,lokasi
Not come and no respond for vew years,tidak_ada_respon
Not come again fot 2 years later,tidak_ada_respon
No respond if we contact her vew month later,tidak_ada_respon
Never come to DATE again at least 3 years,tidak_ada_respon
Never come again at least for 1 year,tidak_ada_respon
Never come again for 6 months,tidak_ada_respon
"Mau membenahi jadwal di keluarganya yg sedang sibuk, tdk bs komit datang di date hari sabtu & tdk mau utk transfer ke date di hari lainn.",waktu_tidak_sesuai
"Mau membenahi jadwal di keluarganya yg sedang sibuk, tdk bs komit datang di date hari sabtu & tdk mau utk transfer ke date di hari lainn.",waktu_tidak_sesuai
"Victor ada perubahan email, email yg lama ada problem",Admin
sudah 1 tahun tidak hadir date. pindah ke darmawangsa 6,tidak_ada_respon
sudah tidak pernah datang 1 tahun terakhir,tidak_ada_respon
Move to Date Kemayoran 5 (DL Reagan),alasan_date
No longer go to JPCC and Date. After married she went to GKI with her husband,tertanam_di_gereja_lain
sudah 3 tahun tidak datang date,tidak_ada_respon
sudah 3 tahun tidak datang date lagi,tidak_ada_respon
not longer active because of busy working.,tidak_ada_respon
mau coba pindah ke date yang baru,alasan_date
Pindah domisili dari Jakarta ke Jambi,lokasi
pindah keluar kota. sudah ngak pernah datang di date sudah lama.,lokasi
pindah rumah ke area meruya sehingga mencari date yang dekat. sudah ngak pernah datang di date sudah lama.,lokasi
pindah rumah ke area meruya sehingga mencari date yang dekat. sudah ngak pernah datang di date sudah lama.,lokasi
The person has moved to bali..,lokasi
"Dari awal, yg tertarik ikut date hanya istrinya (liza).. utk suaminya tidak pernah datang.",Admin
Silvia sudah aktif di gereja lokal nya,tertanam_di_gereja_lain
Mola sudah pindah kota dan aktif di gereja lokal nya,lokasi
Pindah ke bandung for goods dan date kami sekarang onsite,lokasi
Bukan member dari dk20 jadinya harus diremove,Admin
Sudah 3 bulan tidak join DATE.,tidak_ada_respon
Sudah 3 bulan tidak join DATE.,tidak_ada_respon
Date leader akan pindah ke Semarang,alasan_date
Date leader akan pindah ke Semarang,alasan_date
Date leader akan pindah ke Semarang,alasan_date
Date leader akan pindah ke Semarang,alasan_date
Date leader akan pindah ke Semarang,alasan_date
Karena pindah rumah ke Jogjakarta,lokasi
Karena ybs sudah meninggal dunia,others
Pindah ke luar kota (bali) karena pekerjaan,lokasi
Pindah ke luar kota (Bali) karena pekerjaan,lokasi
Absent from DATE for long time,tidak_ada_respon
Absent from DATE for long time,tidak_ada_respon
Decided to quit as she felt like she didn't fit in well with the other members.,alasan_date
Keluar karena season kehidupannha sudah tidak cocok dengan date ini,perbedaan_musim_kehidupan 
YBS sudah lama sekali tidak join Date dan lokasi tinggal cukup jauh dari tempat Date,lokasi
YBS sudah cukup lama tidak join Date memang jadwal pekerjaan yang kurang cocok dengan waktu Date,waktu_tidak_sesuai
mau mencari DATE MARRIAGE COUPLE,alasan_date
mau mencari DATE MARRIAGE COUPLE,alasan_date
"sudah pindah tempat tinggal, skrg Felice ingin mencari date lain sendiri.

sudah aku tawarkan 2 opsi:
1. aku remove dari myjpcc, lalu nanti Felice bisa cari2 sendiri via search di myjpcc
2. aku refer ke date teman yg aku kenal, tapi tetap jauh dari tempat tinggal Felice
3. aku search via myjpcc, lalu nanti aku refer Felice ke DL itu

Felice memilih opsi 1, supaya lebih mudah untuk dia mencari sesuai kriteria dia",alasan_date
DL pindah rumah dan DM pindah ke Date sebelumnya.,alasan_date
DL pindah rumah sehingga DM pindah ke Date sebelumnya.,alasan_date
Ingin mencari date lain karena pindah lokasi rumah,alasan_date
Ingin mencari date lain karena pindah lokasi rumah,alasan_date
Ingin mencari date lain karena pindah lokasi rumah,alasan_date
Ingin mencari date lain karena pindah lokasi rumah,alasan_date
Ingin mencari date lain yg general,alasan_date
Cannot be contacted anymore and she told me she was going to explore other datws,tidak_ada_respon
sibuk kuliah dan tidak ada waktu untuk ikut date. pd saat weekend juga sudah terlalu capek jadi tdk bs beraktivitas,waktu_tidak_sesuai
ybs sudah pindah tempat tinggal dan tidak ada update berita lagi,lokasi
Decided to stay in her local church in Bogor.,tertanam_di_gereja_lain
Move to husband's church after married.,tertanam_di_gereja_lain
sudah move ke date senopati 1 bersama istri,alasan_date
"Tidak ikut date dulu,
karena ditugaskan ke luar kota",lokasi
sudah tidak ikut date lagi. sudah keluar,tidak_ada_respon
"Ibu Sarah pindah date di karenakan kendala dengan lokasi yg jauh, sebelumnya ikut date di karenakan via zoom sebab masuk dalam DATE pada saat covid, dimana Date selalu via zoom, namun saat ini tidak bisa ikut Date onsite karena terlalu jauh lokasinya, dan usia sudah tua.",alasan_date
Sudah tidak datang lagi ke DATE.,tidak_ada_respon
based in Singapore and already have local community,lokasi
based in Singapore and already have local community,lokasi
"Tidak join date setiabudi , terdaftar secara otomatis karena menikah dengan salah satu anggota date member",Admin
Mmemasuki new season baru yang mereka akan mau mengikuti married couple date,perbedaan_musim_kehidupan 
Masuk ke new season baru dmn mereka akan mencari married couple date,perbedaan_musim_kehidupan 
"sudah menikah, jadi perlu pindah ke married couple",alasan_date
sudah lebih dari 1 tahun tidak pernah datang date lagi,tidak_ada_respon
Sudah 4 bukan tidak join date dan memutuskan untuk keluar dari date,tidak_ada_respon
Member sudah tidak bisa hadir selama 5 bulan Date karena kesibukan,waktu_tidak_sesuai
pindah rumah lokasi jauh tirak bisa hadir,lokasi
tdk pernah datang DATE >3bulan,tidak_ada_respon
DM dan istrinya Ruth meminta utk dikeluarkan untuk mempermudah cari tempat Date baru di sekitar Depok,alasan_date
Akan multiplikasi dan akan pindah date,alasan_date
"Tidak pernah hadir dan ikut date 1,5 tahun ini, sudah dilakukan konfirmasi ke DM kalau status di DATE akan di delete.",tidak_ada_respon
based in Singapore and will find new community locally,lokasi
based in Singapore and will find new community locally,lokasi
Sudah tidak aktif selama lebih dari setahun. Sudah dihubungi namun tidak ada respon,tidak_ada_respon
date member mendaftar dengan cara yang salah,Admin
Ingin berkomitmen lagi di Gereja Minahasa,tertanam_di_gereja_lain
sudah tidak join date lagi dalam waktu yang lama,tidak_ada_respon
adik dari orang ini yang sudah jadi member date salah mengisi data. adiknya menulis statusnya spouse. jadi ikut masuk dalam member. adiknya meminta direlease saja,Admin
"Pindah ke kampung halaman, kalimantan",lokasi
Inactive for months and did not response to any message,tidak_ada_respon
Waktu date konflik dengan jadwal kerja,waktu_tidak_sesuai
"bentrok dengan waktu nya Dgs 38, dan Philip ingin mencari Date selain hari sabtu.",waktu_tidak_sesuai
Sudah pindah DATE KG28 tapi tidak bisa di transfer member,alasan_date
"mau mencari date married couple, dan sudah pindah gading serpong",alasan_date
move to another Date since the Date is closed,alasan_date
"Because the member is not actively involved in the DATE for the past 2 months due to her job and after discussing directly with her, she agreed to be removed from MyJPCC system.",waktu_tidak_sesuai
DATE Multiplication purpose.,alasan_date
DATE Multiplication purpose.,alasan_date
DATE Multiplication purpose.,alasan_date
DATE Multiplication purpose.,alasan_date
DATE Multiplication purpose.,alasan_date
DATE Multiplication purpose.,alasan_date
DATE Multiplication purpose.,alasan_date
"Kuliah di Seattle dan tidak pernah datang DATE setahun terakhir, karena perbedaan waktu. But She's found new community there.",lokasi
Pindah DATE karena waktu DATE tidak cocok!,waktu_tidak_sesuai
member tidak memberi respon saat dihubungi,tidak_ada_respon
"Tidak komit di DATE , sudah lama tidak kpin DATE",tidak_ada_respon
Ybs meminta untuk off date dan tidak ingin pindah ke date lain juga,others
Belum bisa komitmen date karena bentrok waktunya dengan pekerjaan,waktu_tidak_sesuai
"Felly sudah tidak mengikuti ibadah di jpcc lagi, dan sudah menyetujui untuk di remove dari aplikasi myjpcc",others
"Nika hanya pernah visit di DATE Kemanggisan 3. Nika diubah status married with Stanley  (padahal belum, mereka masih pacaran) sehingga by system automatically mengikuti Stanley menjadi CT.",Admin
Date member has relocated to a different city,lokasi
"Anadio Vikko S memberitahukan saya selaku DL, via WA bahwa dia dan istri (Dienti Laksmita) saat ini belum bisa hadir di DATE karena sifat pekerjaan dan juga sedang urus kepindahan lokasi tempat tinggal. Mereka sudah tidak hadir di DATE sejak bulan Oktober 2022. Saya sudah menghubungi sejak bulan November 2022, dan baru direspon dan beri jawaban pada tanggal 28 April 2023",lokasi
pindah kerja keluar negeri ke USA beserta keluarga,lokasi
"pindah kerja keluar negeri, ke Amerika beserta keluarga",lokasi
sudah tidak aktif lebih dari 3 bulan ?,tidak_ada_respon
"Sudah 1 thn tdk pernh datang date, dan selalu berhalangan waktu di hari sabtu.",tidak_ada_respon
"need to change day of date , cannot date on Friday",waktu_tidak_sesuai
in active for more than 6 month,tidak_ada_respon
"Member sudah pindah area kerja , tidak di bogor lagi",lokasi
"Christine sudah tidak aktif beribadah dan tidak hadir DATE sejak 1 tahun lalu, sehingga memutuskan untuk  mundur dari DATE.",others
"Youde never join date. 
Actually he suddenly appear in my member group while i never invited him. 
How did this happened ?",Admin
Moved to PIK with husband and is joining other cell group,lokasi
"Tidak bisa dihubungi, leave group DATE, dan WA saya diblock. Tidak pernah datang DATE lagi sekitar 4 bulan (dari awal 2023)",tidak_ada_respon
date is moving to a new location with offline meetings.,alasan_date
date is moving to a new location with offline meetings,alasan_date
"DM meminta untuk keluar karena merasa sharing mengenai pekerjaan tidak sesuai dengan profesi sekarang, dan memerlukan komunitas yang aktif juga membantu lingkungan sekitar dan orang-orang berkebutuhan",others
"Proses ganti kategori DATE, date member mau mencari Date baru secara mandiri, jadi minta untuk di remove dari Date",alasan_date
Rendy mau pindah ke Date Married Couple daerah BSD,alasan_date
DM ybs pindah ke Singapore utk pekerjaan,lokasi
pindah date yang lebih relevant baik dari environment dan wilayah,alasan_date
"Husband of Putri, but not date in Sudirman Park 12",Admin
Sudah tidak lagi date di Sudirman Park 12.,others
Move to other date (gading serpong 11),lokasi
Pindah ke date pluit (koh cia) dimana istrinya sudah di date tsb. lama. juga lebih dekat dengan lokasi rumah,alasan_date
Sudah ikut calon suami ke gereja suami,tertanam_di_gereja_lain
Sedang Sekolah lagi dan tidak date dulu,perbedaan_musim_kehidupan 
Not date member. The date member is only Dyana the spouse,Admin
Date Member tidak pernah join & tidak merespon chat,tidak_ada_respon
Date Member tidak pernah join & tidak merespon chat,tidak_ada_respon
Date Member sudah pindah ke gereja istri,tertanam_di_gereja_lain
DM sudah tidak berdomisili di Jakarta,lokasi
Date Member sudah tidak menjadi jemaat di JPCC,tertanam_di_gereja_lain
Akan pindah ke DATE lain karena DATE ini akan tutup.,alasan_date
Akan pindah ke DATE lain karena DATE ini akan tutup.,alasan_date
Akan pindah ke DATE lain karena DATE ini akan tutup.,alasan_date
Akan pindah ke DATE lain karena DATE ini akan tutup.,alasan_date
Akan pindah ke DATE lain karena DATE ini akan tutup.,alasan_date
Pindah ke DATE lain karena DATE ini akan ditutup,alasan_date
Steve’s location (Kuningan) is too far from the DATE venue(BSD). Suggest to find a DATE near to Steve’s apartment.,alasan_date
Ikut calon suami ke gereja lain.,tertanam_di_gereja_lain
tidak jadi tertanam di date jpcc. sedang visit ke gereja lain.,tertanam_di_gereja_lain
jadwal date clashed dengan pekerjaan. jarang hadir.,waktu_tidak_sesuai
jadwal date clashed dengan kuliah. jarang hadir.,waktu_tidak_sesuai
ciyo sudah 3 bulan coba pindah gereja dekat rumah karena rumahnya sekarang tinggal di bogor,tertanam_di_gereja_lain
date member pindah kerja ke negara lain. dan tidak bisa join date setiap minggunya.,lokasi
ijin keluar DATE karena tempat tinggal dan tempat kerja yg jauh dari lokasi DATE. jadi saat onsite sudah tidak bisa visit lagi. jadi akan mencari sendiri DATE baru yg sesuai dgn lokasi tempat tinggal.,alasan_date
"not reachable
not answering
not active",tidak_ada_respon
sudah pindah gereja bareng dengan ortu. dan pindah lokasi kantor dekat rumah.,tertanam_di_gereja_lain
Kembali kepada Gereja sebelumnya,tertanam_di_gereja_lain
Sudah memiliki komunitas di gereja lain.,tertanam_di_gereja_lain
"fokus kepada keluarga, sehingga tidak bisa berkomitmen di DATE",waktu_tidak_sesuai
"fokus kepada keluarga, sehingga tidak bisa berkomitmen ke DATE",waktu_tidak_sesuai
Sudah lebih dari 6 bulan tidak datang date dan ibadah ke jpcc baik onsite dan online,tidak_ada_respon
Ingin pindah date lain yang offline,alasan_date
"sudah tidak aktif, tidak respon ketika dihubungi & tidak ada kejelasan",tidak_ada_respon
member is getting married and continuing in new church with her husband,tertanam_di_gereja_lain
pindah ke palu balik ke kampung halaman,lokasi
DM sudah tidak di Jakarta dan tidak meresepon saat dihubungi.,lokasi
"perubahan date category, sehingga date member mau explore visit date lain, namun tidak bersedia dibantu DL, mau melakukan explore secara mandiri di myjpcc app",alasan_date
she is move back to her hometown in Malang,lokasi
"already married,and his wife is a member of IES, move church to IES",tertanam_di_gereja_lain
non active and no response since 2020,tidak_ada_respon
sudah tidak aktif date dan tidak ada kabar,tidak_ada_respon
tidak jadi menikah dengan date member PIK 32,Admin
sudah jadi date leader tapi akunnya baru,Admin
sudah menjadi date leader tapi akun nya baru,Admin
date member sudah memutuskan untuk pindah date,alasan_date
Sedang sibuk di dalam pekerjaan,waktu_tidak_sesuai
"jarang sekali datang date, sudah difollow up. DM mengundurkan diri, alasan banyak pekerjaan",waktu_tidak_sesuai
"jarang sekali datang date, sudah difollow up. DM mengundurkan diri, alasan banyak pekerjaan.",waktu_tidak_sesuai
Minim attendance and commitment for the last year.,tidak_ada_respon
Bukan date member Bekasi 14. Mkn kesalahan system nama ini ada di DATE bekasi 14,Admin
tidak memenuhi kehadiran di DATE,tidak_ada_respon
tidak memenuhi kehadiran di DATE,tidak_ada_respon
tidak memenuhi kehadiran di DATE,tidak_ada_respon
Kendala waktu bentrok dengan pelayanan di GKJN,waktu_tidak_sesuai
lagi proses pencarian date baru dekat tempat tinggal,alasan_date
lagi proses pencarian date baru dekat rumah,alasan_date
lagi proses pencarian date baru,alasan_date
"Ivan dan Olive memmutuskan tidak tertanam di date. olive dan Ivan memutuskan tdk di date dikaarenakan tidak siap menerima masukan setelah olive dan ivan mengomentari org2 di date yang seasonnya lagi haarus berjuang dipekerjaan dan blm bsa intens di date. 

Saya juga sudah membicarakan ke team leader ivan untk freeze pelayanan karna selama di date dulu ivan juga jarang hadir di date dan bbrpa kali dengan reason main basket.",alasan_date
"Ivan dan Olive memmutuskan tidak tertanam di date. olive dan Ivan memutuskan tdk di date dikaarenakan tidak siap menerima masukan setelah olive dan ivan mengomentari org2 di date yang seasonnya lagi haarus berjuang dipekerjaan dan blm bsa intens di date. 

Saya juga sudah membicarakan ke team leader ivan untk freeze pelayanan karna selama di date dulu ivan juga jarang hadir di date dan bbrpa kali dengan reason main basket.",alasan_date
DM meminta pindah ke date umum dengan alasan kebutuhan.,alasan_date
"Mei sudah pindah rumah ke area barat, dan mau cari date deket2 sana. Kita tetep in touch",lokasi
"keterlibatan di date tidak ada. Tidak pernah ikut date lagi, hanya aktif di wa.",tidak_ada_respon
"Sudah pindah ke bali, masih aktif di wa",lokasi
"keterlibatan di date tidak ada. Tidak pernah ikut date lagi, hanya aktif di wa.",tidak_ada_respon
"keterlibatan di date tidak ada. Tidak pernah ikut date lagi, hanya aktif di wa.",tidak_ada_respon
"Sudah lama tidak ke date dan ke. Gereja jpcc lagi, sudah ijin juga ke yg bersangkutan untuk di remove.",tidak_ada_respon
Pindah DATE bersama suami ke Marriage couple.,alasan_date
mengundurkan diri sendiri tanpa alasan jelas,others
"Untuk sekarang, ikut orang tua ke gereja katolik",tertanam_di_gereja_lain
Passed away in July 2021.....................,others
No longer at JPCC................................,others
"Beliau sudah pindah ke Bali, tidak di Jakarta lagi",lokasi
No longer join in date pluit 19,others
Pindah rumah jadi jauh kalau dateng ke Date Citra Garden 2,lokasi
Pindah rumah jadi jauh kalau ke Date Citra Garden 2,lokasi
Yang bersangkutan sangat sibuk sehingga minta waktu untuk vacuum sementara.,waktu_tidak_sesuai
mendapatkan pekerjaan baru yg jadwalnya tidak cocok dengan date saat ini. ingin explore ke date lain .,waktu_tidak_sesuai
setelah menikah pindah ke Lampung ikut suaminya.,lokasi
pindah gereja karena istri katolik,tertanam_di_gereja_lain
Cari date baru yg cocok dan dekat rumah,alasan_date
Cari date baru yang cocok dan dekat rumah,alasan_date
"suami dari date member yg tidak pernah hadir dalam date, dihubungi jg tidak dibalas/diresponse",tidak_ada_respon
Date fokus ke married couple dan DM akan mencari DATE lain,alasan_date
not longer member in date pluit 19 due to Sandra move to Sukabumi,lokasi
Mau pindah date married couple,alasan_date
Mau mencari date baru yang lebih sesuai,alasan_date
Sudah tidak ber jemaat di JPCC,others
Sudah pindah tinggal di Semarang,lokasi
Pindah gereja. Sudah tidak berjemaat di JPCC,tertanam_di_gereja_lain
Mencari Date yang lebih sesuai.,alasan_date
Kembali ke katolik dan sudah aktif melayani.,tertanam_di_gereja_lain
Yang bersangkutan ingin pindah ke date lain karena jadwal date bentrok dengan jadwal pekerjaan.,waktu_tidak_sesuai
Pindah domisili ke medan dan menemukan komunitas baru disana,lokasi
Pindah domisili ke medan dan menemukan komunitas baru disana,lokasi
Pindah domisili ke jogjakarta dan menemukan komunitas baru disana,lokasi
Ingin mencari date yang lebih dekat dengan rumah,alasan_date
"aslinya dia join date buat merit, tp gak jadi merit",Admin
tidak pernah hadir di DATE sudah lebih selama ini,tidak_ada_respon
"sudah beberapa kali kontak dan menawarkan pilihan DATE lain, namun tetap memutuskan untuk berkomunitas di luar DATE.",others
DM memutuskan akan pindah DATE sehubungan dengan multiplikasi date,alasan_date
Tidak bersedia komitment di date lagi. Dan sudah tidak datang date 1 thn. Dan sudah stay di luar negeri.,lokasi
masih beribadah dan melayani di gereja lain.,tertanam_di_gereja_lain
Maitimoe pindah gereja bersama istri,tertanam_di_gereja_lain
Arief memutuskan pindah ke semarang,lokasi
Dave maitimoe memutuskan pindah gereja,tertanam_di_gereja_lain
Tidak DATE 3 tahun karena hari tidak memungkinkan di Jumat,waktu_tidak_sesuai
"Pindah kota, sudah tidak DATE 3 tahun",lokasi
Gak tahan gesekan dengan sesama DM,alasan_date
Gak tahan gesekan dengan sesama DM,alasan_date
Gak tahan gesekan dengan sesama DM,alasan_date
Pindah ke greja lain sama tempat tinggal pindah,tertanam_di_gereja_lain
"date member tidak pernah hadir selama 2 bulan, dihubungi tidak di respon",tidak_ada_respon
"tiba2 move date ke DATE kepaduri 4 tanpa penjelasan, dan diterima oleh DLnya tanpa cek dulu yg ternyata masih terdaftar sebagai DM Rasuna 16.",alasan_date
Jadwal kerja DM tidak sesuai dengan jadwal DATE yang berjalan sekarang,waktu_tidak_sesuai
Already moved to Australia for study,lokasi
"Tidak pernah hadir di date, ketika d followup biasany diinfo kalau sibuk kerja .. dan tidak aktif juga d group date …",waktu_tidak_sesuai
Want to look other DATE near current office and house,alasan_date
"Atas permintaan Date Member, karena alasan kesehatan.",others
Tidak ada kabar dan tidak aktif,tidak_ada_respon
Have not been active in DATE for a long time,tidak_ada_respon
DATE member has moved to a different country with her husband,lokasi
DATE member has moved to a different DATE,alasan_date
Date member has never been active and engaged in DATE activities for a long time,tidak_ada_respon
The Date Member has moved to Australia with her husband,lokasi
Date member ingin pindah tempat date karena pindah domisili ke jagakarsa,lokasi
Akan pindah rumah ke Bumi Serpong Damai,lokasi
Sementara belum berkomunitas dahulu,others
Sementara belum berkomunitas dahulu,others
"Sangat jarang dtg DATE, terakhir dtg DATE hanya pas ada acara natal aja",tidak_ada_respon
Sudah lama ga dateng dan memang udah season hidupnya berbeda.. Tempat tinggalnya jg jauh..,perbedaan_musim_kehidupan 
Mau cari DATE baru di daerah rumah,alasan_date
Kita pindah ke BSD dan member ingin mencari datr sendiri yg lebih dekat,lokasi
S2 di luar Indo jadi tidak bisa ikut date lagi,lokasi
"pindah ke gereja lain, meneruskan gereja orang tua",tertanam_di_gereja_lain
"pindah ke gereja lain, meneruskan gereja orang tua",tertanam_di_gereja_lain
"Double aplikasi, mau di hilangkan 1",Admin
Moving out to KG 33 because the office near to kelapa gading,alasan_date
pindah kota.. jadi harus pindah date,lokasi
pindah kota.. jadi harus pindah date,lokasi
Tidak cocok dgn jam date Ta9. Belum bs memutuskan mau ke date lain.,waktu_tidak_sesuai
Pindah balik ke gereja orang tuanya,tertanam_di_gereja_lain
Sudah di transfer ke date Alam Sutera 24,alasan_date
Mencari date yang lokasi dan waktunya lebih sesuai,waktu_tidak_sesuai
Mencari date yang lokasi dan waktunya lebih sesuai,waktu_tidak_sesuai
Mencari date yang lokasi dan waktunya lebih sesuai,waktu_tidak_sesuai
Mencari date yang lokasi dan waktunya lebih sesuai,waktu_tidak_sesuai
Mencari date yang lokasi dan waktunya lebih sesuai,waktu_tidak_sesuai
Mencari date yang lokasi dan waktunya lebih sesuai,waktu_tidak_sesuai
Mencari date yang lokasi dan waktunya lebih sesuai,waktu_tidak_sesuai
Mencari date yang lokasi dan waktunya lebih sesuai,waktu_tidak_sesuai
Mencari date yang lokasi dan waktunya lebih sesuai,waktu_tidak_sesuai
Mencari date yang lokasi dan waktunya lebih sesuai,waktu_tidak_sesuai
Mencari date yang lokasi dan waktunya lebih sesuai,waktu_tidak_sesuai
Karena sudah lama gak datang date dan juga tidak ada respon waktu coba dihubungi lewat wa dan dm social medianya,tidak_ada_respon
DM memutuskan untuk fokus pada kehidupan pribadi.,others
Belum bisa aktif di date selama 2 tahun terakhir,tidak_ada_respon
"Belum bisa aktif di DATE, ada kesibukan lain yang menyita waktu, terutama di hari DATE",waktu_tidak_sesuai
karena sering lembur jdnya belum bisa komit di date,waktu_tidak_sesuai
kesulitan waktu untuk ke date jdnya belum bisa komit di date,waktu_tidak_sesuai
"Kerja di luar kota, dan akan ada rencana untuk ke luar negeri.",lokasi
sudah tidak aktif & tidak ada kabar,tidak_ada_respon
sudah menetap di luar negri ikut suaminya,lokasi
sudah lama tidak aktif & tidak ada kabar,tidak_ada_respon
sudah lama tdk aktif & pindah gereja,tertanam_di_gereja_lain
Moving back to US after married,lokasi
Moved to america for good after married,lokasi
"sudah coba reach out ke livi 5 bulan terakhir, namun menghilang dan tidak balas chat sama sekali. sebelumnya sempat ada issue dari dirinya sendiri, dan kami DL dan DM sudah coba bantu semaximal mungkin, namun tetap akhirnya livi tidak balas dan tidak bisa di hubungi hingga sekarang",tidak_ada_respon
"he hasnt been active the past 6 months and after talking with him, he decided not to prioritize date for now due to work condition",waktu_tidak_sesuai
Pasangan ini sudah pindah dan menetap di Denpasar Bali.,lokasi
Pasangan ini sudah pindah Kota dan menetap di Denpasar Bali.,lokasi
been inactive for many years...,tidak_ada_respon
been inactive for many years...,tidak_ada_respon
been inactive for many years...,tidak_ada_respon
sudah pindah domisili ke bali dan tidak beribadah di jpcc lagi,lokasi
Pindah ke PIK jadi mau cari date daerah PIK,lokasi
sudah 3 bulan lebih tidak mengikuti date,tidak_ada_respon
"Pindah ke Kuningan, Cirebon. Sudah diencourage untuk cari komsel dan tertanam di gereja sana.",lokasi
ybs telah pindah ke luar kota (aussie),lokasi
Bukan date member dan belum menikah dengan date member sudirman 8 namun datanya masuk member tanpa sepengetahuan DL,Admin
The date member is coming back to makassar city,lokasi
karena pindah kerja keluar kota,lokasi
Belum ada keinginan untuk aktif kembali di date,others
Tidak membalas dari Agustus 2022,tidak_ada_respon
Sudah lebih dari 3 bulan tidak hadir date secara online tanpa ada kabar,tidak_ada_respon
Kehadiran tidak rutin meski telah diingatkan,tidak_ada_respon
Kuliah ke Seattle sejak tahun 2021 akhir dan tidak bisa komit untuk DATE lagi karena beda zona waktu,lokasi
"Tidak pernah datang DATE lebih dari setahun dan sudah pindah kerja ke Duri, Riau, Sumatra. Jadi tidak bisa bergabung lagi dengan DATE.",lokasi
"Sudah lama tidak aktif, dan mencari date diluar hari jumat",alasan_date
Double nama dgn hen dric di date yg sama,Admin
pindah ke australia bersama kelurga,lokasi
pindah ke australia bersama keluarga,lokasi
Transferred to Date Sunter 14.,alasan_date
kesulitan mengikuti jam DATE dan masih fokus pada proses penyembuhan.,waktu_tidak_sesuai
personal reason. (different season of life),perbedaan_musim_kehidupan 
No longer living in Jakarta and cannot active in DATE anymore,lokasi
Never come to DATE anymore even after follow up,tidak_ada_respon
"Date member sudah pindah rumah, dan terlalu jauh untuk datang ke date tanjung duren 17",lokasi
Mundur dari date untuk saat ini,others
Pindah lokasi DATE tidak aktif lagi,lokasi
inactive more than 3 months and never been in church...,tidak_ada_respon
Accidentaly accepted the probation,Admin
"jarang sekali hadir sjk pandemi 2020, jarang respon wa CT atau DL, pasif di wag DATE, ybs request keluar dr DATE",tidak_ada_respon
she has not been attended the DATE meetings for 3 consecutive months (or more). i've discussed this matter with her and she agree that she will not be registered in DATE Barito 1 in MyJPCC system for a while.,tidak_ada_respon
Sering tugas ke luar kota sehingga tidak bisa hadir,lokasi
yang bersangkutan pindah ke gereja lain,tertanam_di_gereja_lain
yang bersangkutan pindah ke agama lain,others
silvia memutuskan untuk bergereja di daerah rengasdengklok yang dekat dengan tempat tinggal,tertanam_di_gereja_lain
Pindah rumah ke bsd jauh dari tempat date saat ini,lokasi
date member pindah ke luar negeri dan bekerja disana,lokasi
date member beserta keluarga sudah tinggal di luar kota dan sudah mengikuti ibadah di gereja lain.,lokasi
tidak hadir dalam 3 bulan tanpa kabar,tidak_ada_respon
"pindah Date, namun belum menentukan lokasi yg dituju",alasan_date
Inactive member about 8 months due to pack work load.,waktu_tidak_sesuai
Yang bersangkutan dinas kerja ke Medan,lokasi
Yang bersangkutan dinas di Kalimantan,lokasi
"he is never coming and respon
there's no news from him",tidak_ada_respon
no response for re-commitment since 2022,tidak_ada_respon
member dan suami sudah tinggal di luar kota dan sudah mengikuti ibadah di gereja lain.,lokasi
member sudah tinggal di luar kota dan sudah mengikuti ibadah di gereja lain.,lokasi
Pindah ke date married couple. Member akan diinvite kembali oleh Date yg baru.,alasan_date
Pindah ke date married couple. Member akan diinvite oleh Date yg baru.,alasan_date
Udah pindah tempat tinggal ke taman angrek,lokasi
"Tidak pernah datang DATE, karena pekerjaan di hari Sabtu disarankan untuk pindah DATE lain.",waktu_tidak_sesuai
Karena ada pekerjaan keluarga ini pindah ke Bali.,lokasi
Karena ada pekerjaan dan keluarga ini pindah ke Bali.,lokasi
"Change Email/New Myjpcc, the same old date member.",Admin
"Sihite dan istrinya saat ini sudah tidak gereja di JPCC, memutuskan pindah ke HKBP sejak pandemi karena bersama keluarga besar yang lain.",tertanam_di_gereja_lain
"Tina dan suaminya Sihite saat ini sudah tidak gereja di JPCC, memutuskan pindah ke HKBP sejak pandemi karena bersama keluarga besar yang lain.",tertanam_di_gereja_lain
ingin mencari DATE lain lewat myjpcc apss,alasan_date
calon date member tersebut belum bisa untuk join date dikarenakan masalah pribadi,others
Jessica dan keluarga memutuskan utk beribadah di gereja lokal lain,tertanam_di_gereja_lain
byebye i will see you 30 menit lg,others
"sudah disurabaya, tidak beribadah di jpcc",lokasi
inactive date member because he has moved to Bandung,lokasi
Tidak pernah hadir selama 5 bulan terakhir,tidak_ada_respon
"Sudah tidak bisa dihubungi sama sekali, hilang total",tidak_ada_respon
move to another date to be closer to current address,alasan_date
Memutuskan untuk Pindah date ke cipinang 9,alasan_date
Pindah beribadah di GBI Kota Wisata,tertanam_di_gereja_lain
Pindah beribadah di GBI Kota Wisata,tertanam_di_gereja_lain
sudah lama tidak date. sudah dikonfirmasi,tidak_ada_respon
sudah lama tidak date. sudah dikonfirmasi,tidak_ada_respon
sudah lama tidak date. sudah dikonfirmasi,tidak_ada_respon
sudah lama tidak date. sudah dikonfirmasi,tidak_ada_respon
sudah lama tidak date. sudah dikonfirmasi,tidak_ada_respon
sudah lama tidak date. sudah dikonfirmasi,tidak_ada_respon
"sudah lama tidak date lagi, sudah dikonfirmasi",tidak_ada_respon
Sudah tidak bisa join Date dan ke gereja lagi karena ikut suami.,tertanam_di_gereja_lain
Mau pindah date merried couple,alasan_date
"sudah hampir 1 tahun tdk date. sesudah dihubungi & ditanya, tidak ada alasan yang jelas",tidak_ada_respon
Bukan date member dari date rasuna 17,Admin
Blm bersedia utk tertanam di date,others
Mencari date yg lebih dekat domisilinya,alasan_date
Mengundurkan diri dari Date karena pindah gereja setelah menikah.,tertanam_di_gereja_lain
Mengundurkan diri dari Date karena kembali ke gereja lama.,tertanam_di_gereja_lain
"ingin pindah DATE, karena yang bersangkutan belum married, dan sekarang DATE nya adalah untuk married couples",alasan_date
"ingin pindah DATE, karena yang bersangkutan belum married, dan sekarang DATE nya adalah untuk married couples",alasan_date
"Masih probation, kesalahan klik",Admin
We don't know who she is and not register until now.,Admin
Sudah tidak pernah datang lagi,tidak_ada_respon
Sudah tidak pernah datang lagi dan tidak bisa dikontek,tidak_ada_respon
Sudan tidak pernah datang lagi,tidak_ada_respon
Sudah tidak aktif datang ke DATE.,tidak_ada_respon
Memutuskan untuk pindah keluar kota.,lokasi
Sudah tidak aktif karena pindah tempat tinggal.,lokasi
Sudah tidak aktif karena pindah keluar kota.,lokasi
Yang Bersangkutan Pindah Negara,lokasi
Yang bersangkutan Pindah Gereja,tertanam_di_gereja_lain
Yang Bersangkutan Pindah Gereja,tertanam_di_gereja_lain
Moved back to US so hving a new church,lokasi
"sudah pindah ke bandung, menikah dan menetap disana",lokasi
Frans memutuskan untuk keluar date. Aktivitas ibadah pun jarang dilakukan,tidak_ada_respon
Yanto saat ini tidak aktif bahkan ke gereja pun jarang. Hanya istrinya yang rajin ke gereja. Join date pun hampir tidak pernah,tidak_ada_respon
Haraa sudah pindah ke Melbourne untuk melanjutkan study nya. Dia juga memutuskan untuk bertumbuh di Melbourne .,lokasi
sudah pindah daerah tempat tinggal,lokasi
"Sudah tidak pernah join Date sejak 2020, sudah sekitar 3 tahun. Walaupun sudah berulang kali dihubungi dan diingatkan untuk dapat ikut Date, tapi sampai saat ini tidak pernah hadir. Dan kami jg sdh konfirmasi ke yg bersangkutan.",tidak_ada_respon
"Sudah tidak pernah join Date sejak 2020, sudah sekitar 3 tahun. Walaupun sudah berulang kali dihubungi dan diingatkan untuk dapat ikut Date, tapi sampai saat ini tidak pernah hadir. Dan kami jg sdh konfirmasi ke yg bersangkutan.",tidak_ada_respon
Moving to another church is her reason,tertanam_di_gereja_lain
sudah pindah kluar kota dan sudah menetap disana,lokasi
date member sudah pindah ke kota Bandung.,lokasi
Planted on another church and never comes to date anymore since last year,tertanam_di_gereja_lain
Planted on another church and never comes to date anymore since last year,tertanam_di_gereja_lain
Tidak di DATE kami sudah 2 tahun,tidak_ada_respon
memudahkan sembari mencari date baru,alasan_date
Pindah date yang lebih sesuai,alasan_date
Tidak ada komunikasi dan tidak pernah hadir date 4 bulan terakhir,tidak_ada_respon
Tidak ada komunikasi dan tidak pernah hadir date,tidak_ada_respon
Pindah gereja kembali ke komunitas gereja sblmnya,tertanam_di_gereja_lain
Pindah date karena tempt tinggal di cikarang,alasan_date
Ricky doesnt join the date meeting,tidak_ada_respon
Yoga doesnt join the date meeting,tidak_ada_respon
not include as a core team member,Admin
Want to move to another Date close to His House.,alasan_date
Pindah date (masalah hari/waktu),waktu_tidak_sesuai
"sudah tidak pernah datang.
Kami sebagai date leader sudah berusaha menghubungi (via wa, telp, instagram dll) dan teman2 date jg menghubungi tapi tidak ada yang di angkat maupun dibalas chatnya.
Untuk group wa dia baca (terlihat dari status wa sdh di read) tapi tidak pernah di respon

Kurang lebih sudah 6 bulan.",tidak_ada_respon
sudah tidak pernah datang date dan jpcc,tidak_ada_respon
sudah tidak pernah datang date dan ke jpcc,tidak_ada_respon
"Suami date member, tidak aktif dan belum pernah datang di DATE.",tidak_ada_respon
"Dalam 6 bulan ini sama sekali tidak pernah date, kita sudah mencoba reach out ( DL dan CT) dengan cara WA tapi tidak pernah direspon.",tidak_ada_respon
Salah ke klik mau diubah ke probation,Admin
Pindah kota dan pindah gereja krn pekerjaan,lokasi
pindah ke new zealand memulai kehidupan baru disana,lokasi
"pindah ke new zealand , memulai kehidupan baru disana",lokasi
pindah ke gereja lain petra gading serpong,tertanam_di_gereja_lain
DM tidak pernah hadir selama 1 tahun 2 bulan.,tidak_ada_respon
proses perpindahan date baru permintaan member,alasan_date
pindah ke date menteng 20 DL Rivai,alasan_date
pindah ke date menteng 20 DL Rivai,alasan_date
mau cari DATE yang dekat lokasi tinggal,alasan_date
"Tidak pernah hadir, dan tidak bisa dihubungi",tidak_ada_respon
"Bukan Date Member, hanya suami Date Member, tidak pernah datang date, tidak pernah berinteraksi dengan DM lain, tidak ada di grup date",tidak_ada_respon
"Date member mengundurkan diri dari date, karena lokasi date dengan rumah yang jauh. Date member berencana mencari date yang baru, dengan menggunakan applikasi, karena suka lupa saat mau daftar date di campus.",alasan_date
His working area move to Batam and will not available to join date,lokasi
Working location are moving and will be looking date to more available area,lokasi
Ingin mencoba tertanam di gereja local (Bandung),tertanam_di_gereja_lain
Move to other church due to closer from where she stays. She already join the small group there.,tertanam_di_gereja_lain
"Date Member mula mula, menikah dan ikut suami ke Singapore since maret 2020. namun karna kebutuhan ada komunitas dan masih online, saya ijinkan sampai hari ini. kontribusi juga sangat besar di Date, seharusnya sudah saya jadikan CT, namun keterbatasan domisili saja. saat ini Date sudah hybrid. jadi diberikan pengertian agar tertanam di gereja domisili di singapore bersama gereja suami.",lokasi
"dikembalikan ke gereja domisili karna status saat ini di makasar. join pada saat pandemi dan menggunakan sarana online sebelumnya. di pertahankan yang seharusnya hanya sebulan, namun melihat kebutuhan Olyvia Gosal saat itu, saya pertahankan sampai saat ini ?",tertanam_di_gereja_lain
Dater dan keluarga memutuskan pindah ke gereja dekat rumah,tertanam_di_gereja_lain
dater dan keluarga memutuskan pindah ke gereja dekat rumah,tertanam_di_gereja_lain
pindah date di Jakarta yang sesuai,alasan_date
pindah ke Bojonegoro jadi jauh,lokasi
pindah area ke Bojonegoro jadi jauh,lokasi
Non aktif dulu karena kesibukan atas request DM,waktu_tidak_sesuai
"Ybs tidak bs join date dikarenakan waktu, disarankan untuk pineah date tp blm memantapkan hati",waktu_tidak_sesuai
Atika menginformasikan kalau dia sudah tidak beribadah lagi di JPCC dan memilih mengikuti komunitas rohani di gereja lain. Ybs jg sudah pamit dari group wa date secara baik2.,tertanam_di_gereja_lain
lagi ga sempet ikut dateeeeeeeee,waktu_tidak_sesuai
sedang tidak sempat ikut date katanyaa,waktu_tidak_sesuai
"Pindah ke Texas, USA utk berkeluarga.",lokasi
DM tidak aktif dan mengambil keputusan untuk tidak mau ikut date lagi.,tidak_ada_respon
Belum selesai probation yang ditentukan,Admin
pindah gereja bersama dengan keluarganya,tertanam_di_gereja_lain
Retta sementara fokus pada perkuliahannya di luar kota. belum bisa fokus untuk bisa komitmen hadir di DATE.,lokasi
"pindah BSD gereja jpcc alsut, akan cari date deket sana",lokasi
kehilangan komunikasi tidak bisa dikontak lagi,tidak_ada_respon
menemukan date yg lebih cocok di komunitas lain,alasan_date
menemukan date yg lebih cocok di komunitas lain,alasan_date
mau mencari date yang baru di Jakarta Barat,alasan_date
Maw mencoba date baru di tempat lain,alasan_date
sudah tidak aktif selama beberapa bulan dan sedang sibuk utk saat ini.,waktu_tidak_sesuai
"Sudah lama tidak aktif, dan DM request untuk keluar",tidak_ada_respon
Maria saat ini sudah pindah domisili ke luar negeri,lokasi
DM daftar ulang dengan email yg berbeda (karena ada masalah teknis).,Admin
She has been inactive on date for more than one year.,tidak_ada_respon
She has been inactive on Date for more than a year,tidak_ada_respon
"sudah lama sekali tidak pernah joint DATE, alasannya selalu sibuk.",waktu_tidak_sesuai
"Temporary exit while studying abroad, will rejoin after graduation.",lokasi
"Time conflict, DM no longer can join weekly meetings.",waktu_tidak_sesuai
"Time conflict, DM no longer able to join weekly meetings",waktu_tidak_sesuai
"DATE venue is already changed to Semanan, far from previous location in Rasuna. Prefer to find other DATE.",alasan_date
"DATE venue is already changed to Semanan, far from previous location in Rasuna. Prefer to find other DATE.",alasan_date
"DATE venue is already changed to Semanan, far from previous location in Rasuna. Prefer to find other DATE.",alasan_date
"DATE venue is already changed to Semanan, far from previous location in Rasuna. Prefer to find other DATE.",alasan_date
juat get married and would like to change to DATE married couples,alasan_date
DM memutuskan secara pribadi untuk keluar dari Date.,others
Ybs berada diluar daerah dan permintaan ini tidak melalui jalur approval,lokasi
Got married and move to Jogja for good. Move church as well,lokasi
Got married and move to Jogja for good. Move church as well,lokasi
"Waktu pekerjaan, sehingga sulit hadir ke Date",waktu_tidak_sesuai
Member doesnt show up regularly,tidak_ada_respon
"Tidak pernah ikut date, AnSeungHee autojoin di date ini karna statusnya menikah dengan Hanna",tidak_ada_respon
Tidak pernah hadir date karena kegiatan,waktu_tidak_sesuai
Tidak pernah hadir date karena kegiatan,waktu_tidak_sesuai
Jarang hadir di date karena bentrok dengan aktifitas sehati hari,waktu_tidak_sesuai
Salah Pencet seharusnya msh probation. Conf to IT (Salomo),Admin
Tidak bisa bekerja sama dgn DL d Memebru pengaruh yg negatif dalam komunitas,alasan_date
Lagi sibuk kerjaan keluar kota melulu,lokasi
Tidak pernah hadir dalam date lagi,tidak_ada_respon
sudah lebih dari 6 bulan tidak bisa di contact,tidak_ada_respon
Sudah tidak pernah hadir dalam date,tidak_ada_respon
she is not come to date again..,tidak_ada_respon
Tidak pernah ikut Date dan setelah ditawarkan untuk pindah jadwal date memilih untuk tidak date dahulu,tidak_ada_respon
Sepakat dengan pasangan untuk pindah gereja lokal dgn alasan kepentingan keluarga.,tertanam_di_gereja_lain
Dater hasnt been coming and no intention on coming.,tidak_ada_respon
"Live far from Jakarta (Solo), too busy for Date",lokasi
"Domisili d Bandung. Selama pandemi, krn online msh bs ikut ibadah JPCC dan Date online. Sekarang sdh bs offline, jd kmd sdh dpt gereja dan komunitas d sana.",lokasi
Date member berada di kota lain (palembang),lokasi
Date member sudab balik ke kota asal (jambi),lokasi
selama 2 tahun Deni tidak bisa hadi di Date baik online. Dan ybs menjelaskan bahwa kesibukan kerja yg sampai jam 9 malam membuat tidak bisa hadir di Date.,waktu_tidak_sesuai
"Belum perna join Date, infonya mau join yg digereja lama",tertanam_di_gereja_lain
Tidak pernah datang date setahun terakhir,tidak_ada_respon
ellisa mau menikah dan memutuskan belajar ajaran katolik,tertanam_di_gereja_lain
Karena ika ingin menata hati dalam berkomitken join date,others
Date member yang bersangkutan pindah ke australia sehingga tidak dapat lagi ikut date.,lokasi
sudah lama tidak hadir di DATE,tidak_ada_respon
sudah lama tidak hadir di DATE,tidak_ada_respon
Frans udah satu tahun tidak date dan udah pindah ke greja GMS,tertanam_di_gereja_lain
Lg gak bisa date lagi karna ada urusan pribadi,others
Sejak pandemi date berangsur2 vakum dan sekarang ada banyak perubahan yang sedang dilakukan untuk mulai date lagi.,others
Sejak pandemi date berangsur2 vakum dan sekarang ada banyak perubahan yang sedang dilakukan untuk mulai date lagi.,others
Selama pandemi dikarenakan sudah pindah ke gunung sindur mereka coba datang ke gereja lain karena mereka butuh gereja yg onsite dan mau cari komunitas yg setiap minggu bisa tatap muka,tertanam_di_gereja_lain
Pindah tugas keluar kota dan belum bisa ikut date sampai waktu yang blm bisa di pastikan.,lokasi
Sudah tidak aktif di date 1tahun terakhir,tidak_ada_respon
Sudah tidak aktif di Date untuk 1-2 tahun ini,tidak_ada_respon
DM memutuskan pindah dan tertanam di gereja lain,tertanam_di_gereja_lain
hari kamis ga bisa kalo mau join lagi berkabar,waktu_tidak_sesuai
hari kamis ga bisa nanti kalo mau join lagi berkabar,waktu_tidak_sesuai
Sudah diinvite belum bisa datang / salah pencet tombol jadi keaccept,Admin
Cannot find time anymore to join Date,waktu_tidak_sesuai
mau pindah date ke Date Pantai Indah Kapuk 9,alasan_date
sekarang kerja di luar kota.....,lokasi
lagi sibuk... ga sempet date...,waktu_tidak_sesuai
Tidak bisa ikut DATE Lagi karena fokus mengurus ibu.,others
"dm salah akun yg diregister, mau regis pakai akun lain",Admin
Bug recovery married to single,Admin
Bug recovery married to single,Admin
sudah setahun tidak date. kami rencana membersihkan data2 date member supaya bisa menerima member2 baru.,tidak_ada_respon
sudah setahun tidak date. kami rencana membersihkan data2 date member supaya bisa menerima member2 baru.,tidak_ada_respon
sudah setahun tidak date. kami rencana membersihkan data2 date member supaya bisa menerima member2 baru.,tidak_ada_respon
Ingin mencari Date yang lebih dekat dengan tempat tinggal.,alasan_date
"Sedang fokus dengan koas dan persiapan S2, jadi sudah tidak pernah datang ke DATE lagi.",waktu_tidak_sesuai
she wants to go back to her previous church,tertanam_di_gereja_lain
Working holiday visa in aussie,lokasi
Tidak hadir lebih dari 3 bulan krn kerja di Karawang. Tidak bisa komitmen lagi di date.,tidak_ada_respon
Not active anymore. We reach on whatsapp but no response,tidak_ada_respon
"Not active anymore. We reach levana n partner but no respon. She told us that she n partner wants to join DATE member couple. But when we confirm again, there's no response.",tidak_ada_respon
mulai mengembangkan pelayanan sendiri diluar JPCC,others
mulai mengembangkan pelayanan sendiri diluar JPCC,others
mulai mengembangkan pelayanan sendiri diluar JPCC,others
kesulitan dengan komitmen untuk hadir dalam DATE,waktu_tidak_sesuai
Pindah date karena pindah tempat tinggal,lokasi
sudah tidak ikut date lebih dari 1 tahun,tidak_ada_respon
"mau cari date lain yg 1 season, sudah konfirmasi ke ybs",alasan_date
"Work & study in another country, move to hillsongs church",lokasi
Saya tidak mengenal date member,Admin
Lennie has decided to focus her work and ministry in Surabaya. She will also start to be planted in a local Church there.,lokasi
dm pindah ke luar negeri saat ini untuk bekerja,lokasi
DM menikah dan pindah kota ke solo,lokasi
date member menginfokan akan cuti dari date sementara waktu,others
Move to other church community,tertanam_di_gereja_lain
Sudah tidak relevan dgn Date skr. Mau coba date married couple.,alasan_date
Sdh tidak relevan dgn date skr. Mau coba mencari married couple group.,alasan_date
Mau lihat opsi Date married couple,alasan_date
Mau non aktif date dulu dan nanti apabila sudah ready akan join date lain yang dekat dengan tempat tinggal saat ini (Bekasi),alasan_date
Sudah pindah ke kota lain (Papua),lokasi
Sudah lama tidak aktif dan tidak ada kabar,tidak_ada_respon
Sudah pindah ke kota lain (Palembang),lokasi
Sudah lama tidak aktif dan tidak merespon wa,tidak_ada_respon
Sudah tidak aktif dan sudah diberitahukan,tidak_ada_respon
date member mau cari date di hari rabu,waktu_tidak_sesuai
"Sudah tidak ada kabar sejak september 2022. Ditelpon diriject. Dichat tidak dibalas. Sudah tanya TL tempat Claudya melayani, ternyata sedang difreeze pelayanannya.",tidak_ada_respon
Tidak hadir DATE dalam 3 bulan,tidak_ada_respon
Tidak hadir DATE dalam 3 bulan,tidak_ada_respon
Sudah lama tidak aktif di DATE. Sudah pamit mundur.,tidak_ada_respon
"He decided to be planted in a different church, GBI Alam Sutera, due to family reasons",tertanam_di_gereja_lain
Pindah pekerjaan keluar jakarta,lokasi
"Komitmen, ketidakcocokan ybs dengan date MK1",waktu_tidak_sesuai
study abroad and find a local church,lokasi
Pindah ke Bangkok untuk pekerjaan,lokasi
date member sudah berpindah tempat tinggal dan ingin mencari yg dekat dgn tempat tinggal nya,lokasi
Sdh lama tidak hadir dipertemuan Date dan sdh di konfirmaikan bahwa tidak iikut date lagi dikarenakan kesibukan,waktu_tidak_sesuai
Tidak datang ke DATE dan ke gereja,tidak_ada_respon
DM pindah rumah ke Gunung Sindur. kerjanya di Jakarta full wfo.tdk bisa ikutan DATE lg krn ga bisa atur jadwal.,lokasi
"Karena belom tertarik untuk berkomunitas lagi , dan ingin menyesuaikan kehidupan pribadi dulu sementara.",others
"Tidak aktif, sudah diconfirm ok bukan sebagai anggota date lagi",tidak_ada_respon
Pindah Gereja setelah menikah.,tertanam_di_gereja_lain
Pindah Gereja setelah menikah,tertanam_di_gereja_lain
"kesulitan karena berbeda kota, ada baiknya Lievia berada di gereja yang ada di lampung.",lokasi
hanya istrinya yang aktif.....,tidak_ada_respon
Masih mencari date baru yang dekat lokasi tempat tinggalnya,alasan_date
Sudah tidak datang lebih dari 3 bulan,tidak_ada_respon
Sudah lebih dari 3 bulan ijin untuk vakum dari date dan hari ini baru mau mulai cari date baru,tidak_ada_respon
Tidak hadir didate lebih dr 3 bulan,tidak_ada_respon
"Tidak pernah hadir, hanya daftar untuk dpt seat",tidak_ada_respon
"Sdh jarang hadir sejak 2 thn belakangan ini, skrg katanya mau pindah DATE dgn alasan pindah rumah",lokasi
"Pindah DATE, alasan lebih dekat dengan pacar",alasan_date
"Dtg hanya 1x, seterusnya tdk pernah hadir. Sdh di japri, tp alasan selalu sibuk dan nanti dikabarin.",waktu_tidak_sesuai
plan to move to another date,alasan_date
plan to move to another date,alasan_date
member memilih untuk pindah date lain untuk sementara off dulu selama 3 bulan.,alasan_date
never join Date meeting online and offline for past 6 months,tidak_ada_respon
"setelah menikah, ikut suami dan tinggal di Wonosobo",lokasi
sudah tidak ada di date lagi dan sudah w.a berada di surabaya,lokasi
non-active for almost 1yr & he request to be removed from Date due to busy schedule (work &sfudies at the same time).,waktu_tidak_sesuai
Yang bersangkutan memutuskan untuk tertanam di gereja lokal lain,tertanam_di_gereja_lain
Yang bersangkutan memutuskan untuk tertanam di gereja lokal lain,tertanam_di_gereja_lain
"Sudah lebih dari setahun tidak ada kabar dan keikutsertaan William di dalam DATE, sejak terakhir ia ijin utk vakum sejenak ketika istrinya mulai hamil anak k-3 mereka . Setelah bbrp saat,  dihubungi bbrp kali tidak merespon, ketika diberi ucaoan selamat ulang tahun, jg  ucapan selamat ketika istrinya melahirkan tidak ada response sama sekali. William tiba-tiba 'leave' WAG DATE tanpa memberi kabar atau konfirmasi sama sekali. Setiap private message melalui WhatsApp ataupun sosmed tidak 
pernah dibalas, pdhal menurut bbrp teman DM status sosmednya selalu aktif.",tidak_ada_respon
"Hanny dan William suaminya, tidak ada kabar selama lebih dari setahun. Ketika dihubungi tidak merespon sama sekali, pdhal merespon kpd teman2 lain di luar DATE (melalui sosmed), tp tidak merespon sama sekali kpd teman2 DATE",tidak_ada_respon
sudah ada marvin sebagai dl baru,alasan_date
Lama tidak aktif dan juga tidak pernah ke gereja lagi,tidak_ada_respon
"Sudah tidak ada kabar, DL sudah menghubungi beberapa kali dan tidak ada respon.",tidak_ada_respon
Pindah sekeluarga ke Canada tahun lalu,lokasi
Pindah sekeluarga ke Canada tahun lalu.,lokasi
tidak memberi kabar soal kelanjutan di date,tidak_ada_respon
Member sudah pindah domisili ke surabaya,lokasi
Rio sekarang ditempatkan di luar kota Jakarta dan karena kesibukan kerja sudah sekitar 5 bulan tidak pernah join pertemuan date online lagi,lokasi
Yola has now a WFA. She is now mostly of time at Yogyakarta with her mom.,lokasi
date member sudah tidak bs hadir dalam pertemuan date karna harus menemani anak tidur di waktu date,waktu_tidak_sesuai
pindah keluar kota dan sudah tertanam di gereja lokal di kota nya,lokasi
"move to different city, and decided to stop going date. will continue if move back to jakarta",lokasi
Study abroad (Australia) tidak dapat mengikuti Date dikarenakan lokasi dan perbedaan waktu,lokasi
uda ga bisa aktif untuk saat ini. 3 bln ga hadir.,tidak_ada_respon
Resign dari DATE dan tdk beribadah di JPCC,tidak_ada_respon
Sudah tidak datang beberapa bulan,tidak_ada_respon
Tidak bisa dikontak selama bbrp bulan terakhir,tidak_ada_respon
minta ijin keluar dikarenakan ada komunitas lain,others
Aldo sudah pindah kerja ke daerah jakarta barat dan ingin mencari DATE sekitar sana,lokasi
Menetap di luar kota bersama keluarga,lokasi
Ikut suami untuk ibadah di gereja suami,tertanam_di_gereja_lain
Menetap di luar kota karena pekerjaan,lokasi
Sudah tidak pernah hadir ke Date,tidak_ada_respon
Sudah tidak pernah hadir ke Date,tidak_ada_respon
"Meninggal dikarenakan sakit, tahun lalu",others
Sedang sibuk mengurus keluarga sehingga tidak bisa fokus di date,waktu_tidak_sesuai
"Tidak pernah datang date, tidak bisa dihubungi",tidak_ada_respon
sudah tidak hadir date lebih dari 3 bulan,tidak_ada_respon
sudah tidak datang date Mega Kuningan 2 lebih dari 3 bulan.,tidak_ada_respon
"Setelah sudah bbrp bulan tidak datang Date, dan sulit berkomunikasi, akhirnya ybs memutuskan untuk tidak Date dulu.",tidak_ada_respon
Date member has moved to other city and found the local community,lokasi
DF yg menyamar jadi date member dan sdh menyelesaikan tugas nya,alasan_date
pindah pekerjaan di bandung dan mau tertanam di gereja setempat,lokasi
lebih dari 6 bulan tidak aktif,tidak_ada_respon
Menyatakan mengundurkan diri dari Date dan memilih untuk mencari Date sendiri.,alasan_date
"Karena lokasi kantornya di Cikarang, Rudy kesulitan untuk atur waktu hadir di DATE, di hari Sabtu Rudy dan Isterinya Merie harus ke rumah orang tuanya di daerah Bekasi yang mana hari Sabtu jadwal pertemuan DATE jadi   mereka di non-aktifkan dulu dari DATE Cengkareng 2, saya sudah sarankan untuk bisa join DATE yang hari sabtu di daerah Bekasi",lokasi
Ingin mencari date baru dikarenakan date lama sudah menjadi married couple,alasan_date
Move to another island & church to work and stays,lokasi
sudah tidak aktif lebih dari 3 bulan,tidak_ada_respon
Kerja sampe malem dan tidak bisa DATE lagi,waktu_tidak_sesuai
Kerja & kuliah Senin - Sabtu no time for DATE for now,waktu_tidak_sesuai
date member sudah meninggal dunia,others
Sudah tidak datang 3 bulan berturut-turut. Akan mencari DATE Sabtu,waktu_tidak_sesuai
"sudah tdk bs date, rumah pindah ke serpong, ikt komunitas interdenominasi di cluster rumah",lokasi
"sudah tdk bs date, rumah pindah ke serpong, ikt komunitas interdenominasi di cluster rumah",lokasi
ada issue keuagan.. lost kontak,others
Pindah gereja lain dan mau berhenti dari date,tertanam_di_gereja_lain
sudah tidak aktif di date dan lebih banyak stay di bandung,lokasi
bukan date member dan belum menikah jg dengan date member kg37,Admin
Has not been active for last one year,tidak_ada_respon
"Lokasi masih Cipinang, dan lama tidak aktif",lokasi
"Sudah lama tidak DATE, dan belum bisa join karna bentrok dengan kerjaan. Belum bisa cari yang lain.",waktu_tidak_sesuai
yang bersangkutan sudah keluar dari date kelapa gading 28,others
yang bersangkutan sudah keluar dari date kelapa gading 28,others
kesibukan kerja benturan dengan jadwal date,waktu_tidak_sesuai
"sibuk dengan kerjaan, tidak memungkinkan untuk bisa datang date",waktu_tidak_sesuai
"sibuk dengan kerjaan, tidak memungkinkan untuk berkomitment pada data saat ini",waktu_tidak_sesuai
melanjutkan studi keluar indonesia,lokasi
"she was a muslim dan skg karena keluarganya, dia memutuskan untuk kembali lagi. she been away from DATE for more than 6 months dan setelah diskusi, dia menjawab tidak mau bertumbuh lagi di date dan jpcc..",others
"Member would like to try a new DATE, considering she is graduated from college. The decision comes from the member herself.",alasan_date
info dari Gratcy kalau dia memutuskan kembali ke gereja dia sebelumnya,tertanam_di_gereja_lain
Double user name . Sudah terdaftar di nama yg sama,Admin
Lokasi DATE pindah jauh dr tempat tinggal DM,lokasi
Lokasi DATE pindah jauh dr tempat tinggal DM,lokasi
Sudah tidak aktif di dalam DATE,tidak_ada_respon
sudah berpindah jemaat ke kota lain,lokasi
Pinda ke Mesir ikut istri yg pekerjaan di sana.,lokasi
Sudah tidak bisa hadir karena date full on site,alasan_date
looking for another date krn jarak rumah,lokasi
looking for another date krn jarak rumah,lokasi
Cannot join Date krn lagi sibuk sm kerjaan,waktu_tidak_sesuai
tidak datang date dalam jangka waktu lama,tidak_ada_respon
Sudah pindah gereja setelah menikah,tertanam_di_gereja_lain
"Salah approved , jimmy tidak join jpcc",Admin
"Pindah luar kota, karena mau dekat dengan orang tua",lokasi
mutasi ke date gd 65 dengan alasan waktu date yang berbeda,waktu_tidak_sesuai
"Karena selama ini belum bisa datang ke date walopun online, sekarang sudah onsite pun belum bisa karena masih menemani anak-anak belajar di malam hari. Prioritas waktu untuk anak-anak",waktu_tidak_sesuai
Karena dia mau beribadah di gereja Katolik. Ikut date online waktu pandemi dan sekarang mau ibadah onsite di gereja Katolik.,tertanam_di_gereja_lain
"Karena istri belum bisa berada di dalan komunitas, jadi suami juga tidak bisa date onsite, pulang juga malam dari kantor. Sudah direkomendasikan untuk Date couple.",alasan_date
"Karena Date pindah lokasi, dan mau melahirkan di bulan Maret ini, kemungkinan besar tidak bisa date onsite untuk beberapa bulan ke depan.",lokasi
memutuskan untuk mundur dari date mk3,others
Pindah keluar kota dan tertanam local church lain,tertanam_di_gereja_lain
Sedang dalam mencari komunitas baru,others
Tidak ada waktu dan tidak dapat chemistrynya antar member,waktu_tidak_sesuai
Tidak ada waktu dan tidak dapat chemistrynya antar member,waktu_tidak_sesuai
Sibuk kuliah nanti date lagi kalau udah kelar,waktu_tidak_sesuai
pindah tempat tinggal ke luar kota,lokasi
sudah tidak aktif di date lagi,tidak_ada_respon
Pindah gereja dan juga pindah rumah!,tertanam_di_gereja_lain
Waktu berbenturan dengan pekerjaan!,waktu_tidak_sesuai
Pindah gereja karena rumah lebih dekat!,tertanam_di_gereja_lain
Untuk saat ini memutuskan tidak tertanam di dalam DATE. Sudah tidak pernah hadir.,tidak_ada_respon
No longer DATE member Date pejompongan 1,others
Akun Stevano Ayal untuk join di probition Date Rawamangun 4. Saat ini sudah ada akun resminya jadi akun ini di remove,Admin
decide untuk bergereja di tempat lain mengikuti suami,tertanam_di_gereja_lain
"Setelah selesai probation DM ga pernah join date, saya menyarankan untuk DM ini cari date di hari yg lain jika berhalangan di hari kamis",tidak_ada_respon
"aktif di gereja lain, tidak lagi di JPCC",tertanam_di_gereja_lain
"Sudah pindah ke Amerika, tidak ke jpcc lagi",lokasi
"Tidak aktif, sudah tidak ke Jpcc lagi",tidak_ada_respon
Looking for other DATE on weekend to match her working schedule,waktu_tidak_sesuai
No longer attending date for more than 3 months,tidak_ada_respon
No longer attending DATE for more than a year,tidak_ada_respon
No longer attending date for 3 months,tidak_ada_respon
Request utk leave DATE krn mau cari DATE yg married couple aja,alasan_date
Request utk leave DATE krn mau cari DATE yg married couple aja,alasan_date
Sedang menjalani S2 di luar negeri!,lokasi
"Sudah tidaj pernah join date lagi,katanya waktu jam kerja dan jadwal date bentrok.",waktu_tidak_sesuai
Sudah tidak bisa join DATE dari beberapa waktu lama.di hubungi tidak di bls-bls,tidak_ada_respon
sudah pindah dan tidak bergereja lagi di jpcc,lokasi
Pindah DATE untuk couple dan waktu berbenturan dengan pekerjaan!,waktu_tidak_sesuai
tidak pernah datang date lagi.. untuk sementara di remove dahulu,tidak_ada_respon
Pindah DATE dikarenakan waktu berbenturan dengan kuliah malam dan pekerjaan!,waktu_tidak_sesuai
Belum menjadi date member seharusnya masih probation,Admin
Tidak hadir lebih dari 3 bulan dan tidak ada kabar lagi,tidak_ada_respon
Sudah tidak pernah datang DATE,tidak_ada_respon
Yang bersangkutan sudah sulit dihubungi,tidak_ada_respon
"data tiba2 ada di myjpcc date mk2, padahal bukan member",Admin
Can no longer be contacted by wa - salah masukin,tidak_ada_respon
"member sedang fokus di pekerjaan, dan masa depannya",waktu_tidak_sesuai
Ybs memutuskan utk ngga lanjut DATE krn alasan pribadi. Ybs juga saat ini berdomisili di New Zealand krn penugasan kantor,lokasi
Will be transfer to Kelapa Gading 59,alasan_date
Will be transfer to Kelapa Gading 59,alasan_date
Cannot join date in Thursday because of work load. She needs to find another date in another Tangerang area and other day to join date,waktu_tidak_sesuai
as requested by Cassie to move to other Date,alasan_date
no longer active as member for 2 years. cant commit at the moment,tidak_ada_respon
Pindah Gereja. Dia sekarang melayani di Gereja lain dan sudah minta izin,tertanam_di_gereja_lain
"Keinginan sendiri
Pindah gereja",tertanam_di_gereja_lain
Double account atas nama yg sama,Admin
Bentrok dengan jadwal sekolah S2 nya,waktu_tidak_sesuai
"Not Active
Visitor only
Husband don't want to join the meeting
Can""t join married couple",alasan_date
"Not active
Visitor only
Almost a year didn't attend the.
meeting",tidak_ada_respon
Sudah pindah ke luar negeri dan menetap di luar negeri,lokasi
sudah tidak pernah datang date 1 tahun dan sulit di reach out,tidak_ada_respon
"tidak aktif hadir di date dan grup, sudah pindah ke Semarang",lokasi
"tidak bisa join date karena pindah jam kerja, jadi saya sarankan cari date lain supaya bisa ikut date yang sesuai dia bisa hari dan jam nya.",waktu_tidak_sesuai
Pindah gereja sehingga sudah tidak beribadah lagi di Jpcc,tertanam_di_gereja_lain
DM bersangkutan sedang kuliah di luar negeri.,lokasi
Pindah tempat domilisi ke bandung,lokasi
Tidak aktif date lagi sudab setahun,tidak_ada_respon
Marhen telah menetap di Belgia,lokasi
Tidak pernah hadir sudah lebih dari 4 bulan & respon,tidak_ada_respon
bukan date member. istrinya yang date member,Admin
"pindah gereja, ikut calon suami",tertanam_di_gereja_lain
Nga ada kabar uda 3 bln. Di kontak tidak bisa,tidak_ada_respon
Pindah ke Medan dikarenakan pekerjaan,lokasi
"Pindah Kota ke Bandung, karena pernikahan",lokasi
Pindah ke Negara amerika karena personal reason,lokasi
"Masuk ke musim yang baru , dunia pekerjaan",perbedaan_musim_kehidupan 
"Masuk di musim yang baru , pernikahan",perbedaan_musim_kehidupan 
Pindah domisili ke jakarta timur dan blm mau kembali join date,lokasi
schedule nya tabrakan dgn waktu kerja dan lokasi rumah sangat jauh di bogor,waktu_tidak_sesuai
Date member mengundurkan diris,others
Date member mengundurkan diris,others
pindah ibadah karrna ngak mau Vaksin covit 19,tertanam_di_gereja_lain
telah menetap di Bandung dan agar tertanam di gereja lokal,lokasi
pindah tempat tinggal ke Sleman,lokasi
Pindah keluar kota dan belum tahu kapan akan kembali lagi.,lokasi
Pindah keluar kota dan masih belum tahu kapan akan kembali,lokasi
Study abroad to France and will find local church’s community,lokasi
"stefen dan vina sekeluarga memutuskan untuk pindah ke tasikmalaya, jadi mereka mau keluar dari date",lokasi
"stefen dan vina sekeluarga memutuskan untuk pindah ke tasikmalaya, jadi mereka mau keluar dari date",lokasi
Sudah lama gak aktif join DATE,tidak_ada_respon
DATE location has changed too far from member’s home,lokasi
Pindah ke luar kota jadi cari komunitas lain.,lokasi
Sdh pindah rumah dan tidak bs hadir di date lagi,lokasi
"Pindah keluar kota, dan akan mencari komunitas baru",lokasi
"Moving to Palu, and has been nurtured in local church in Palu - GBI Rock",tertanam_di_gereja_lain
Moving to china to continue her study,lokasi
Pindah rumah ke wilayah yg beda dan jauh.,lokasi
Pindah rumah ke wilayah yg beda dan jauh.,lokasi
"Pindah ke Alam Sutera 17. Menurut keterangan, hanya bisa invite by email karena DATE nya sudah penuh. Tidak bisa trf.",alasan_date
Find other date for Marriage couple,alasan_date
Find other Date for Marriage couple,alasan_date
Karena DATE pindah ke lokasi yang jauh dari rmhnya,lokasi
"dater sangat sibuk dgn kerjaan nya dan belum bisa komit ke date, selain itu lokasi yg jauh maka dater berkehendak utk pindah dari date ini... namun dia berjanji akan mendaftar date lagi di daerah tempat tinggal dia setelah load kerjaan membaik",waktu_tidak_sesuai
"dater pindah ke daerah pik dan sangat sibuk di hari kerja, karena itu dia akan mencari date lain yang sesuai dengan keadaan dia disana.",lokasi
"dater inj dan istri nya smakin tidak possible utk hadir di date kami, selain hari yg tdk sesuai terlebih juga lokasi yg makin jauh...dan juga nanti nya mereka berencana mencari date lain yg sedaerah & married couple.",waktu_tidak_sesuai
pindah wilayah dan tidak bisa ikut join date lagi karena lokasi terlalu jauh,lokasi
Tidak aktif di date karena sudah beda lokasi,lokasi
Sudah tidak aktif di DATE. Pamit mundur.,others
Wrong inputs data from Adela.,Admin
Sudah memutuskan untuk ikut istrinya karena perbedaan agama. Istri mike beragama Katolik. Mike sudah tidak pernah ikut ibadah di JPCC.,tertanam_di_gereja_lain
"A Date Member accidentally added her friend to this date, hence we are removing this member",Admin
"The Date Member has just married, and after careful consideration and discussion with her husband, they decided to move to closer local church which is also under JKI. No other specific reasons other than distance matter",tertanam_di_gereja_lain
"memutuskan untuk tidak lagi tergabung dalam DATE, karena tidak mau dimuridkan lagi",others
tidak aktif lebih dari 6 bulan,tidak_ada_respon
tidak aktif lebih dr 6 bln dan tidak ada kabar,tidak_ada_respon
Mencari waktu/hari yg baru krn perubahan aktivitas dikantor yg mwmbuat sulit utk berkomitmen di Date dlm 6bln terakhir. Vita request utk keluar dulu sampai ketemu strategi baru utk bs komitmen lg di suatu date.,waktu_tidak_sesuai
6 bulan lebih tidak datang DATE sama sekali.,tidak_ada_respon
Pindah domisili ke Pekalongan.,lokasi
ingin pindah lokasi date krn pindah kerja,lokasi
"keliru masuk DATE, harusnya di DATE SUDIRMAN7",Admin
Pindah tempat tinggal dan tidak dapat join date bekasi karena jarak dan kesibukan pekerjaan. saat ini memutuskan untuk stay di Bali bbrp waktu kedepan.,lokasi
"Karena pasangannya katolik, dia mau fokus belajar ajaran katolik",tertanam_di_gereja_lain
Sudah setahun tidak join date lagi,tidak_ada_respon
Pindah domisili ke surabaya dan pindah gereja di surabaya,lokasi
Tidak tertanam d date tidak pernah hadir,tidak_ada_respon
Sudah lama tidak hadir pertemuan date dan memutuskan keluar dari date,tidak_ada_respon
Sudah lama tidak hadir pertemuan date dan memutuskan keluar dari date,tidak_ada_respon
he decided to stay in his fam church,tertanam_di_gereja_lain
Multiplication to new Date WR1,alasan_date
Unable to join DATE and Sunday Service in JPCC,Admin
Ybs sudah berjemaat di gereja lain,tertanam_di_gereja_lain
Ingin mencoba date offline yang lain.,alasan_date
"Move to another island, no longer stay in jpcc and date",lokasi
"Pindah ke tangerang, dan belum rencana mencari date. Sedang mengatur area area kehidupan yg lain",lokasi
"Kembali ke solo, sudah tidak di jakarta",lokasi
Cuti date karena fokus ke anak,perbedaan_musim_kehidupan 
Cuti date karena mau fokus ke anak,perbedaan_musim_kehidupan 
For good ke surabaya. Sudah tidak di jakarta,lokasi
waktu DATE bentrok dengan pekerjaan dan aktivitas keluarga,waktu_tidak_sesuai
waktu DATE bentrok dengan pekerjaan,waktu_tidak_sesuai
Jadwal untuk DATE sudah tidak cocok,waktu_tidak_sesuai
"Saat ini Dika sudah pindah ke Medan sudah hanpir 2 tahun, dan bulan 3 memutuskan utk menikah dan pindah gereja Advent.",lokasi
"Sudah tidak hadir DATE lebih dari setengah tahun ke belakang, kita mau let go supaya dapat mengakomodasi new DM",tidak_ada_respon
Pindah domisili bekasi sehingga tidak lagi bisa aktif di DATE karena akan mulai onsite,lokasi
Member pindah ke gereja lain untuk beribadah dan pelayanan mengikuti keluarganya,tertanam_di_gereja_lain
no longer attending date for more than a year. And our date has changed location.,tidak_ada_respon
Ingin pidah Date tapi masih belom pasti kapan dan dimananya,alasan_date
Pindah ke Surabaya dan berjemaat di greja lokal di SBY,lokasi
Karena ybs sdh tdk aktif selama sejak April 2021 dan tdk respon setiap di wa dan ditelepon,tidak_ada_respon
"Pindah rumah, tidak hadir date",lokasi
"Pindah rumah, tidak hadir date",lokasi
Tidak pernah hadir date sejak pandemi,tidak_ada_respon
Tidak pernah hadir date sejak pandemi,tidak_ada_respon
"Date multi, DM mencari Date yang lain",alasan_date
"Date multi, DM mencari Date yang lain",alasan_date
"Date multi, DM mencari Date yang lain",alasan_date
"Date multi, DM mencari Date yang lain",alasan_date
DM pindah kota setelah menikah,lokasi
"Date multi, DM mencari Date yang lain",alasan_date
"Date multi, DM mencari Date yang lain",alasan_date
sudah pindah lokasi kerja di jakarta,lokasi
Double entry (member unable to open acct so he created another one).,Admin
tempat tinggal sudah pindah ke daerah barat,lokasi
"Rencana akan pindah date baru, tapi mau trial dulu sementara akan jadi partner",alasan_date
"tidak pernah hadir date, sudah diberikan kesempatan untuk mencoba date di dekat tempat tinggal (bekasi) tetapi tidak komit juga kehadirannya.",tidak_ada_respon
"tidak pernah hadir date, sudah diberikan kesempatan untuk mencoba date di dekat tempat tinggal (bekasi) tetapi tidak komit juga kehadirannya.",tidak_ada_respon
"Julia mengundurkan diri dari Date, karena waktu untuk date bentrok dengan waktu kerja.",waktu_tidak_sesuai
"Can't be reached, more than 3 months without any response in date. and we already suggest an other Date to her, but still doesn't hv any response. so i think, she didnt want to join in a date.",tidak_ada_respon
He decided to move into new church. Same reason as his wife.,tertanam_di_gereja_lain
She decided to move into another church closer to her house because she just having a baby. Also it’s too hard for her to get a seat every sunday.,tertanam_di_gereja_lain
never came because it has moved place,lokasi
moved out of town for work.,lokasi
never came to date for 6 months,tidak_ada_respon
never came to date for 6 months,tidak_ada_respon
Harris back for good to melbourne,lokasi
DM tidak bisa aktif di DATE dan memutuskan utk vakum sementara sambil mencari NEW DATE yg lebih dekat dg rumahnya,alasan_date
DM tidak bisa aktif di DATE dan memutuskan utk vakum sementara sambil mencari NEW DATE yg lebih dekat dg rumahnya,alasan_date
tidak joint Date lg krn pindah tmpt tinggal dan mau mencari komunitas bible study,lokasi
salah penempatan usia kategori married couple,alasan_date
salah penempatan usia kategori married couples,alasan_date
"Mengundurkan diri krn keterbatasan waktu, krn memiliki anak yg msh toddler yg blum bs ditinggal ataupun dibawa",waktu_tidak_sesuai
Memutuskan untuk off dulu dari date,others
Memutuskan untuk off dulu dari date,others
Pindah kerja ke luar negeri dgn pasangan,lokasi
Pindah kerja ke luar negeri dgn pasangan,lokasi
For a year never came to Date,tidak_ada_respon
"diluar jakarta kerjanya, dan tidak berdomisili di jkt lg",lokasi
Pindah kota ke tempat yang baru,lokasi
Karena telah for good untuk kembali ke kota kelahiran,lokasi
Cari date merrid couple dan pindah lokasi rumah,lokasi
Nolonger in jpccc and out of town,lokasi
"belum date member, namun terdaftar karena masuk database, istrinya yg dm duluan. jd derry yg sebagai suaminya dan non dm, kita remove lagi sampai ada konfirmasi lanjutan.",Admin
double data di sistem jd satunya akan kami remove.,Admin
Tidak biaa hadir selama 6 bulan lebih,tidak_ada_respon
Sementara waktu Leave group date untuk ambil waktu sendiri,others
di luar kota .. berjemaat di gereja lain,lokasi
Pindah di Kamboja dalam waktu yang lama (beberapa tahun kedepan),lokasi
karena date member belum aktif,others
Want to change date location that can attend onsite,alasan_date
Want to change date location that can attend onsite,alasan_date
Mau pindah date ke daerah baru di pejaten,lokasi
Mau pindah date ke daerah baru di pejaten,lokasi
"Sibuk bekerja, belum bisa date dulu sementara waktu",waktu_tidak_sesuai
Sudah tidak aktif lagi di date,tidak_ada_respon
Pindah lokasi tinggal jadi pindah lokasi date,lokasi
"Pindah domisili ke Bali, sudah join komsel di Hillsong Bali, masih tetap join di grup, sesekali bisa untuk join DATE online",lokasi
"Cuti 6 bln karena kuliah S2 bentrok 1 semester ke depan, tapi akan join lagi nanti setelah cuti, dan masih tetap di grup",waktu_tidak_sesuai
"Tdk pernah datang date, undangan date tdk direspon, dianjurkan pindah date juga tdk direspon, tdk pernah ada keterangan.",tidak_ada_respon
"Hari Rabu, Tessa bekerja sampai malam, sehingga tidak bisa ikut date. Dan saat ini, Tessa sudah mulai tertanam di Date lain di hari Kamis.",alasan_date
Verra sudah meNikah dan tinggal di bogor sama suami,lokasi
"Pindah ke DATE Tanjung Duren 7. tapi status DATEnya penuh, jadi tidak bisa ditransfer",alasan_date
Tidak bisa komit di date krn di tahun 2023 ini punya plan untuk reorganize Prioritas pribadi,others
pindah gereja. Sudah lama tidak DATE,tertanam_di_gereja_lain
Sudah keluar negri dan tidak bisa datang date lg..,lokasi
sudah 2 tahun tidak DATE dan susah untuk dicontact,tidak_ada_respon
Belum menjadi DM hanya teregistrasi utk ibadah minggu onsite,others
"Date mulai full offline, dan saat ini Rach tinggal di Gading Serpong. Jadi tidak memungkinkan untuk join date offline di Tebet",alasan_date
Sudah tidak pernah datang date,tidak_ada_respon
"Date kembali diadakan offline, dan rumahnya jauh ke lokasi date saat ini. Mau mencari date yang lokasiny lebih dekat",alasan_date
Duplicate. Double member dengan email dan phone number yg sama,Admin
"never show up in date, never reply my message",tidak_ada_respon
pindah ke luar pulau sudah ketemu gereja lokal juga disana.,lokasi
DM already passed away. RIP Kak Ully.,others
Not active member since last year,tidak_ada_respon
Not active member since last year,tidak_ada_respon
Not active member since last year,tidak_ada_respon
Not active member since last year,tidak_ada_respon
Terakhir date tanggal 17 juli 2022 dan sudah tidak ada kabar dari akhir oktober 2022.,tidak_ada_respon
Finding new date near with office,alasan_date
Finding new date near with office,alasan_date
Finding new date near with office,alasan_date
Finding new date near with office,alasan_date
Moving to bali for good opportunities,lokasi
DATE member terkait pindah kuliah ke negara lain,lokasi
Member is busy at work and family life at the moment. Prefer to be a partner at the meantime.,waktu_tidak_sesuai
Member is busy at work and often have to travel for work. Prefer to be a partner at the meantime.,waktu_tidak_sesuai